1972/1/10,73.63 
1972/1/17,73.50 
1972/1/24,75.88 
1972/1/31,77.38 
1972/2/7,75.25 
1972/2/14,75.25 
1972/2/21,76.88 
1972/2/28,78.13 
1972/3/6,77.88 
1972/3/13,78.50 
1972/3/20,78.25 
1972/3/27,71.63 
1972/4/3,70.88 
1972/4/10,70.25 
1972/4/17,70.75 
1972/4/24,68.25 
1972/5/1,66.75 
1972/5/8,68.25 
1972/5/15,69.50 
1972/5/22,71.25 
1972/5/29,69.38 
1972/6/5,68.25 
1972/6/12,68.13 
1972/6/19,69.13 
1972/6/26,69.50 
1972/7/3,69.25 
1972/7/10,73.75 
1972/7/17,76.13 
1972/7/24,75.38 
1972/7/31,73.63 
1972/8/7,72.00 
1972/8/14,75.75 
1972/8/21,78.38 
1972/8/28,79.25 
1972/9/4,79.63 
1972/9/11,80.13 
1972/9/18,82.00 
1972/9/25,84.88 
1972/10/2,86.25 
1972/10/9,84.13 
1972/10/16,86.00 
1972/10/23,85.63 
1972/10/30,86.88 
1972/11/6,87.75 
1972/11/13,88.13 
1972/11/20,88.50 
1972/11/27,90.00 
1972/12/4,94.63 
1972/12/11,109.00 
1972/12/18,109.00 
1972/12/25,107.75 
1973/1/1,98.00 
1973/1/8,98.00 
1973/1/15,96.00 
1973/1/22,95.88 
1973/1/29,87.25 
1973/2/5,88.75 
1973/2/12,95.00 
1973/2/19,91.50 
1973/2/26,91.00 
1973/3/5,91.00 
1973/3/12,86.00 
1973/3/19,78.50 
1973/3/26,80.25 
1973/4/2,81.75 
1973/4/9,85.25 
1973/4/16,87.25 
1973/4/23,89.50 
1973/4/30,93.00 
1973/5/7,91.00 
1973/5/14,91.25 
1973/5/21,91.50 
1973/5/28,101.50 
1973/6/4,110.50 
1973/6/11,114.75 
1973/6/18,103.50 
1973/6/25,98.50 
1973/7/2,97.75 
1973/7/9,92.75 
1973/7/16,90.00 
1973/7/23,97.75 
1973/7/30,118.00 
1973/8/6,128.25 
1973/8/13,141.00 
1973/8/20,148.50 
1973/8/27,121.25 
1973/9/3,103.00 
1973/9/10,106.00 
1973/9/17,113.50 
1973/9/24,126.50 
1973/10/1,132.50 
1973/10/8,121.50 
1973/10/15,128.63 
1973/10/22,121.75 
1973/10/29,121.25 
1973/11/5,117.75 
1973/11/12,120.75 
1973/11/19,126.25 
1973/11/26,133.00 
1973/12/3,122.00 
1973/12/10,122.75 
1973/12/17,134.25 
1973/12/24,135.25 
1973/12/31,134.75 
1974/1/7,144.50 
1974/1/14,150.50 
1974/1/21,156.00 
1974/1/28,161.75 
1974/2/4,167.00 
1974/2/11,168.50 
1974/2/18,165.50 
1974/2/25,171.50 
1974/3/4,171.25 
1974/3/11,144.00 
1974/3/18,142.50 
1974/3/25,144.00 
1974/4/1,134.25 
1974/4/8,115.00 
1974/4/15,120.50 
1974/4/22,120.00 
1974/4/29,125.75 
1974/5/6,129.00 
1974/5/13,116.50 
1974/5/20,141.00 
1974/5/27,141.00 
1974/6/3,127.75 
1974/6/10,132.00 
1974/6/17,138.50 
1974/6/24,140.00 
1974/7/1,143.75 
1974/7/8,145.00 
1974/7/15,157.00 
1974/7/22,164.50 
1974/7/29,175.25 
1974/8/5,189.00 
1974/8/12,175.00 
1974/8/19,168.25 
1974/8/26,161.00 
1974/9/2,154.50 
1974/9/9,155.00 
1974/9/16,175.50 
1974/9/23,166.75 
1974/9/30,174.50 
1974/10/7,188.00 
1974/10/14,186.75 
1974/10/21,195.50 
1974/10/28,192.00 
1974/11/4,184.50 
1974/11/11,186.75 
1974/11/18,180.50 
1974/11/25,166.75 
1974/12/2,176.00 
1974/12/9,186.50 
1974/12/16,182.00 
1974/12/23,179.50 
1974/12/30,164.00 
1975/1/6,166.00 
1975/1/13,163.50 
1975/1/20,164.25 
1975/1/27,155.50 
1975/2/3,158.75 
1975/2/10,163.00 
1975/2/17,161.00 
1975/2/24,166.00 
1975/3/3,159.50 
1975/3/10,141.50 
1975/3/17,147.50 
1975/3/24,147.00 
1975/3/31,145.00 
1975/4/7,157.25 
1975/4/14,156.25 
1975/4/21,154.50 
1975/4/28,165.50 
1975/5/5,164.50 
1975/5/12,157.75 
1975/5/19,173.00 
1975/5/26,190.00 
1975/6/2,156.75 
1975/6/9,153.50 
1975/6/16,148.25 
1975/6/23,152.00 
1975/6/30,153.50 
1975/7/7,148.75 
1975/7/14,158.75 
1975/7/21,155.25 
1975/7/28,146.50 
1975/8/4,159.75 
1975/8/11,155.75 
1975/8/18,163.75 
1975/8/25,174.75 
1975/9/1,167.50 
1975/9/8,154.50 
1975/9/15,158.00 
1975/9/22,165.00 
1975/9/29,157.50 
1975/10/6,161.25 
1975/10/13,155.50 
1975/10/20,153.50 
1975/10/27,149.50 
1975/11/3,150.75 
1975/11/10,155.75 
1975/11/17,154.00 
1975/11/24,155.25 
1975/12/1,161.25 
1975/12/8,162.75 
1975/12/15,162.25 
1975/12/22,152.00 
1975/12/29,144.00 
1976/1/5,145.25 
1976/1/12,149.50 
1976/1/19,156.50 
1976/1/26,159.75 
1976/2/2,154.00 
1976/2/9,159.50 
1976/2/16,161.50 
1976/2/23,162.50 
1976/3/1,159.25 
1976/3/8,159.75 
1976/3/15,162.50 
1976/3/22,158.25 
1976/3/29,156.00 
1976/4/5,149.75 
1976/4/12,152.00 
1976/4/19,151.50 
1976/4/26,159.50 
1976/5/3,151.00 
1976/5/10,153.75 
1976/5/17,156.00 
1976/5/24,153.00 
1976/5/31,164.00 
1976/6/7,178.50 
1976/6/14,188.00 
1976/6/21,196.50 
1976/6/28,189.75 
1976/7/5,187.00 
1976/7/12,199.00 
1976/7/19,191.00 
1976/7/26,176.00 
1976/8/2,164.75 
1976/8/9,161.00 
1976/8/16,163.50 
1976/8/23,158.50 
1976/8/30,163.75 
1976/9/6,159.50 
1976/9/13,174.00 
1976/9/20,162.25 
1976/9/27,156.50 
1976/10/4,161.50 
1976/10/11,160.50 
1976/10/18,160.25 
1976/10/25,162.25 
1976/11/1,163.50 
1976/11/8,160.00 
1976/11/15,157.75 
1976/11/22,155.00 
1976/11/29,154.50 
1976/12/6,152.50 
1976/12/13,167.00 
1976/12/20,168.75 
1976/12/27,164.00 
1977/1/3,169.50 
1977/1/10,169.25 
1977/1/17,175.00 
1977/1/24,173.75 
1977/1/31,180.75 
1977/2/7,178.75 
1977/2/14,180.50 
1977/2/21,176.00 
1977/2/28,178.25 
1977/3/7,181.00 
1977/3/14,182.75 
1977/3/21,168.50 
1977/3/28,169.50 
1977/4/4,166.75 
1977/4/11,168.50 
1977/4/18,178.50 
1977/4/25,179.25 
1977/5/2,175.50 
1977/5/9,173.00 
1977/5/16,165.25 
1977/5/23,172.75 
1977/5/30,161.50 
1977/6/6,156.25 
1977/6/13,141.75 
1977/6/20,134.50 
1977/6/27,126.00 
1977/7/4,132.50 
1977/7/11,124.50 
1977/7/18,111.25 
1977/7/25,112.00 
1977/8/1,114.50 
1977/8/8,105.25 
1977/8/15,109.25 
1977/8/22,101.50 
1977/8/29,107.00 
1977/9/5,109.50 
1977/9/12,117.00 
1977/9/19,114.25 
1977/9/26,114.75 
1977/10/3,122.50 
1977/10/10,127.75 
1977/10/17,126.25 
1977/10/24,123.25 
1977/10/31,123.75 
1977/11/7,128.50 
1977/11/14,131.75 
1977/11/21,139.50 
1977/11/28,138.75 
1977/12/5,133.00 
1977/12/12,132.75 
1977/12/19,130.50 
1977/12/26,128.75 
1978/1/2,135.75 
1978/1/9,129.75 
1978/1/16,131.25 
1978/1/23,128.50 
1978/1/30,134.00 
1978/2/6,132.75 
1978/2/13,132.75 
1978/2/20,128.00 
1978/2/27,126.00 
1978/3/6,116.00 
1978/3/13,125.75 
1978/3/20,130.00 
1978/3/27,133.50 
1978/4/3,145.50 
1978/4/10,142.25 
1978/4/17,147.50 
1978/4/24,151.75 
1978/5/1,144.25 
1978/5/8,133.50 
1978/5/15,139.50 
1978/5/22,144.50 
1978/5/29,152.50 
1978/6/5,154.00 
1978/6/12,142.75 
1978/6/19,138.00 
1978/6/26,140.75 
1978/7/3,128.25 
1978/7/10,126.75 
1978/7/17,127.50 
1978/7/24,114.00 
1978/7/31,121.00 
1978/8/7,128.75 
1978/8/14,124.00 
1978/8/21,128.50 
1978/8/28,126.75 
1978/9/4,123.00 
1978/9/11,123.00 
1978/9/18,132.75 
1978/9/25,133.50 
1978/10/2,142.75 
1978/10/9,145.75 
1978/10/16,146.75 
1978/10/23,146.50 
1978/10/30,140.00 
1978/11/6,141.25 
1978/11/13,138.50 
1978/11/20,138.00 
1978/11/27,133.00 
1978/12/4,125.25 
1978/12/11,127.75 
1978/12/18,131.00 
1978/12/25,128.25 
1979/1/1,134.00 
1979/1/8,131.25 
1979/1/15,135.50 
1979/1/22,135.25 
1979/1/29,137.50 
1979/2/5,136.75 
1979/2/12,138.50 
1979/2/19,139.25 
1979/2/26,139.50 
1979/3/5,133.25 
1979/3/12,132.50 
1979/3/19,128.00 
1979/3/26,129.75 
1979/4/2,136.25 
1979/4/9,136.25 
1979/4/16,141.00 
1979/4/23,144.25 
1979/4/30,140.75 
1979/5/7,140.50 
1979/5/14,146.75 
1979/5/21,149.75 
1979/5/28,154.25 
1979/6/4,153.25 
1979/6/11,151.50 
1979/6/18,156.00 
1979/6/25,164.00 
1979/7/2,170.25 
1979/7/9,167.50 
1979/7/16,163.00 
1979/7/23,161.00 
1979/7/30,153.25 
1979/8/6,140.00 
1979/8/13,140.00 
1979/8/20,149.75 
1979/8/27,149.25 
1979/9/3,146.00 
1979/9/10,138.75 
1979/9/17,139.00 
1979/9/24,147.50 
1979/10/1,152.50 
1979/10/8,159.25 
1979/10/15,153.00 
1979/10/22,146.75 
1979/10/29,149.00 
1979/11/5,141.00 
1979/11/12,141.50 
1979/11/19,148.25 
1979/11/26,148.25 
1979/12/3,144.25 
1979/12/10,142.25 
1979/12/17,142.75 
1979/12/24,142.50 
1979/12/31,162.75 
1980/1/7,155.00 
1980/1/14,154.25 
1980/1/21,145.00 
1980/1/28,144.75 
1980/2/4,144.75 
1980/2/11,150.25 
1980/2/18,149.25 
1980/2/25,138.00 
1980/3/3,134.50 
1980/3/10,143.75 
1980/3/17,134.75 
1980/3/24,134.25 
1980/3/31,137.50 
1980/4/7,134.50 
1980/4/14,139.50 
1980/4/21,139.00 
1980/4/28,141.75 
1980/5/5,140.50 
1980/5/12,161.50 
1980/5/19,157.75 
1980/5/26,168.00 
1980/6/2,170.50 
1980/6/9,163.50 
1980/6/16,165.50 
1980/6/23,171.00 
1980/6/30,176.75 
1980/7/7,170.50 
1980/7/14,181.00 
1980/7/21,184.50 
1980/7/28,178.00 
1980/8/4,185.00 
1980/8/11,180.75 
1980/8/18,177.25 
1980/8/25,177.25 
1980/9/1,184.75 
1980/9/8,190.00 
1980/9/15,198.75 
1980/9/22,195.00 
1980/9/29,209.25 
1980/10/6,199.50 
1980/10/13,197.00 
1980/10/20,207.50 
1980/10/27,208.25 
1980/11/3,214.00 
1980/11/10,213.50 
1980/11/17,202.25 
1980/11/24,217.00 
1980/12/1,216.75 
1980/12/8,227.50 
1980/12/15,214.50 
1980/12/22,209.50 
1980/12/29,223.00 
1981/1/5,217.50 
1981/1/12,226.50 
1981/1/19,225.75 
1981/1/26,225.25 
1981/2/2,218.75 
1981/2/9,218.50 
1981/2/16,232.75 
1981/2/23,234.50 
1981/3/2,228.00 
1981/3/9,225.00 
1981/3/16,225.75 
1981/3/23,229.50 
1981/3/30,222.75 
1981/4/6,223.00 
1981/4/13,220.75 
1981/4/20,215.50 
1981/4/27,225.75 
1981/5/4,213.00 
1981/5/11,202.00 
1981/5/18,216.50 
1981/5/25,224.50 
1981/6/1,215.75 
1981/6/8,211.25 
1981/6/15,211.50 
1981/6/22,215.00 
1981/6/29,209.50 
1981/7/6,193.00 
1981/7/13,201.50 
1981/7/20,205.00 
1981/7/27,203.75 
1981/8/3,195.50 
1981/8/10,189.00 
1981/8/17,192.50 
1981/8/24,197.75 
1981/8/31,186.75 
1981/9/7,198.50 
1981/9/14,197.00 
1981/9/21,200.25 
1981/9/28,194.25 
1981/10/5,197.75 
1981/10/12,202.00 
1981/10/19,209.00 
1981/10/26,209.00 
1981/11/2,220.00 
1981/11/9,217.00 
1981/11/16,225.50 
1981/11/23,223.50 
1981/11/30,221.25 
1981/12/7,222.50 
1981/12/14,220.50 
1981/12/21,208.50 
1981/12/28,190.25 
1982/1/4,200.00 
1982/1/11,202.75 
1982/1/18,211.75 
1982/1/25,204.25 
1982/2/1,209.50 
1982/2/8,218.75 
1982/2/15,214.50 
1982/2/22,220.50 
1982/3/1,205.25 
1982/3/8,211.50 
1982/3/15,207.00 
1982/3/22,215.00 
1982/3/29,197.75 
1982/4/5,203.25 
1982/4/12,214.75 
1982/4/19,208.25 
1982/4/26,211.75 
1982/5/3,208.00 
1982/5/10,207.50 
1982/5/17,213.75 
1982/5/24,201.25 
1982/5/31,184.00 
1982/6/7,180.75 
1982/6/14,186.25 
1982/6/21,185.00 
1982/6/28,188.00 
1982/7/5,186.75 
1982/7/12,190.00 
1982/7/19,191.00 
1982/7/26,186.25 
1982/8/2,163.50 
1982/8/9,156.00 
1982/8/16,151.50 
1982/8/23,142.25 
1982/8/30,151.50 
1982/9/6,153.25 
1982/9/13,149.50 
1982/9/20,144.75 
1982/9/27,144.25 
1982/10/4,151.00 
1982/10/11,144.25 
1982/10/18,145.25 
1982/10/25,152.50 
1982/11/1,149.25 
1982/11/8,157.00 
1982/11/15,159.75 
1982/11/22,163.50 
1982/11/29,158.25 
1982/12/6,159.25 
1982/12/13,164.00 
1982/12/20,158.50 
1982/12/27,167.25 
1983/1/3,168.25 
1983/1/10,165.00 
1983/1/17,169.50 
1983/1/24,171.25 
1983/1/31,167.00 
1983/2/7,166.75 
1983/2/14,156.25 
1983/2/21,158.50 
1983/2/28,148.50 
1983/3/7,143.75 
1983/3/14,148.00 
1983/3/21,152.75 
1983/3/28,160.25 
1983/4/4,165.75 
1983/4/11,165.25 
1983/4/18,168.00 
1983/4/25,163.75 
1983/5/2,158.50 
1983/5/9,154.00 
1983/5/16,159.75 
1983/5/23,162.25 
1983/5/30,157.50 
1983/6/6,147.25 
1983/6/13,149.50 
1983/6/20,158.25 
1983/6/27,158.25 
1983/7/4,154.50 
1983/7/11,147.25 
1983/7/18,149.50 
1983/7/25,153.75 
1983/8/1,163.00 
1983/8/8,169.75 
1983/8/15,167.25 
1983/8/22,179.00 
1983/8/29,180.50 
1983/9/5,168.00 
1983/9/12,177.50 
1983/9/19,180.00 
1983/9/26,179.25 
1983/10/3,190.25 
1983/10/10,185.50 
1983/10/17,189.25 
1983/10/24,192.50 
1983/10/31,191.00 
1983/11/7,183.75 
1983/11/14,186.50 
1983/11/21,183.00 
1983/11/28,177.50 
1983/12/5,172.50 
1983/12/12,178.00 
1983/12/19,180.25 
1983/12/26,179.75 
1984/1/2,188.75 
1984/1/9,179.00 
1984/1/16,184.00 
1984/1/23,182.00 
1984/1/30,186.25 
1984/2/6,181.00 
1984/2/13,171.25 
1984/2/20,163.50 
1984/2/27,163.50 
1984/3/5,163.50 
1984/3/12,180.50 
1984/3/19,179.00 
1984/3/26,182.75 
1984/4/2,184.25 
1984/4/9,187.50 
1984/4/16,185.00 
1984/4/23,174.75 
1984/4/30,172.50 
1984/5/7,174.50 
1984/5/14,175.75 
1984/5/21,187.00 
1984/5/28,190.25 
1984/6/4,188.50 
1984/6/11,186.75 
1984/6/18,182.25 
1984/6/25,187.75 
1984/7/2,177.50 
1984/7/9,186.25 
1984/7/16,187.50 
1984/7/23,182.50 
1984/7/30,174.00 
1984/8/6,173.00 
1984/8/13,172.00 
1984/8/20,171.25 
1984/8/27,170.75 
1984/9/3,175.00 
1984/9/10,178.75 
1984/9/17,177.50 
1984/9/24,175.50 
1984/10/1,176.25 
1984/10/8,177.25 
1984/10/15,177.00 
1984/10/22,181.25 
1984/10/29,180.75 
1984/11/5,183.25 
1984/11/12,184.50 
1984/11/19,184.25 
1984/11/26,186.75 
1984/12/3,183.50 
1984/12/10,188.25 
1984/12/17,187.25 
1984/12/24,183.25 
1984/12/31,183.00 
1985/1/7,180.50 
1985/1/14,178.75 
1985/1/21,174.75 
1985/1/28,174.50 
1985/2/4,173.50 
1985/2/11,176.75 
1985/2/18,176.50 
1985/2/25,175.25 
1985/3/4,174.50 
1985/3/11,177.00 
1985/3/18,178.50 
1985/3/25,175.00 
1985/4/1,171.00 
1985/4/8,168.50 
1985/4/15,167.75 
1985/4/22,168.00 
1985/4/29,166.75 
1985/5/6,160.50 
1985/5/13,163.00 
1985/5/20,162.75 
1985/5/27,152.25 
1985/6/3,150.00 
1985/6/10,152.75 
1985/6/17,152.25 
1985/6/24,150.50 
1985/7/1,149.75 
1985/7/8,150.50 
1985/7/15,149.00 
1985/7/22,142.75 
1985/7/29,134.50 
1985/8/5,126.00 
1985/8/12,117.50 
1985/8/19,120.25 
1985/8/26,119.00 
1985/9/2,117.00 
1985/9/9,115.75 
1985/9/16,120.00 
1985/9/23,122.50 
1985/9/30,129.50 
1985/10/7,126.25 
1985/10/14,122.50 
1985/10/21,117.50 
1985/10/28,117.75 
1985/11/4,123.50 
1985/11/11,127.00 
1985/11/18,126.75 
1985/11/25,124.50 
1985/12/2,122.75 
1985/12/9,122.75 
1985/12/16,129.00 
1985/12/23,134.50 
1985/12/30,138.25 
1986/1/6,139.50 
1986/1/13,139.25 
1986/1/20,134.75 
1986/1/27,130.00 
1986/2/3,124.00 
1986/2/10,123.75 
1986/2/17,125.50 
1986/2/24,124.75 
1986/3/3,124.50 
1986/3/10,124.50 
1986/3/17,125.50 
1986/3/24,125.00 
1986/3/31,107.50 
1986/4/7,108.50 
1986/4/14,99.50 
1986/4/21,96.75 
1986/4/28,95.75 
1986/5/5,99.00 
1986/5/12,108.25 
1986/5/19,115.25 
1986/5/26,108.50 
1986/6/2,108.50 
1986/6/9,98.50 
1986/6/16,111.50 
1986/6/23,104.00 
1986/6/30,107.00 
1986/7/7,98.25 
1986/7/14,102.25 
1986/7/21,104.00 
1986/7/28,95.00 
1986/8/4,100.75 
1986/8/11,103.75 
1986/8/18,105.75 
1986/8/25,104.50 
1986/9/1,108.50 
1986/9/8,113.00 
1986/9/15,116.00 
1986/9/22,120.00 
1986/9/29,127.75 
1986/10/6,125.25 
1986/10/13,122.75 
1986/10/20,127.75 
1986/10/27,128.25 
1986/11/3,131.25 
1986/11/10,135.00 
1986/11/17,151.75 
1986/11/24,161.75 
1986/12/1,161.00 
1986/12/8,161.50 
1986/12/15,163.50 
1986/12/22,169.75 
1986/12/29,155.50 
1987/1/5,160.50 
1987/1/12,165.00 
1987/1/19,158.75 
1987/1/26,161.50 
1987/2/2,161.00 
1987/2/9,159.00 
1987/2/16,165.00 
1987/2/23,159.00 
1987/3/2,150.00 
1987/3/9,153.75 
1987/3/16,126.50 
1987/3/23,136.50 
1987/3/30,143.75 
1987/4/6,140.50 
1987/4/13,148.50 
1987/4/20,151.50 
1987/4/27,152.50 
1987/5/4,157.50 
1987/5/11,179.25 
1987/5/18,187.50 
1987/5/25,183.25 
1987/6/1,152.00 
1987/6/8,147.25 
1987/6/15,151.25 
1987/6/22,160.00 
1987/6/29,150.00 
1987/7/6,151.00 
1987/7/13,151.75 
1987/7/20,154.00 
1987/7/27,148.50 
1987/8/3,159.50 
1987/8/10,160.50 
1987/8/17,159.75 
1987/8/24,169.75 
1987/8/31,175.00 
1987/9/7,178.75 
1987/9/14,181.75 
1987/9/21,185.75 
1987/9/28,181.00 
1987/10/5,180.25 
1987/10/12,185.75 
1987/10/19,186.00 
1987/10/26,184.75 
1987/11/2,174.25 
1987/11/9,173.75 
1987/11/16,187.00 
1987/11/23,195.00 
1987/11/30,206.50 
1987/12/7,210.00 
1987/12/14,198.50 
1987/12/21,196.25 
1987/12/28,193.50 
1988/1/4,184.75 
1988/1/11,188.25 
1988/1/18,188.50 
1988/1/25,190.50 
1988/2/1,192.50 
1988/2/8,193.50 
1988/2/15,191.00 
1988/2/22,191.75 
1988/2/29,190.75 
1988/3/7,194.50 
1988/3/14,192.00 
1988/3/21,188.50 
1988/3/28,195.50 
1988/4/4,163.75 
1988/4/11,166.00 
1988/4/18,166.50 
1988/4/25,168.50 
1988/5/2,165.50 
1988/5/9,157.25 
1988/5/16,161.75 
1988/5/23,161.00 
1988/5/30,175.00 
1988/6/6,182.50 
1988/6/13,221.50 
1988/6/20,269.25 
1988/6/27,318.00 
1988/7/4,363.00 
1988/7/11,322.00 
1988/7/18,279.00 
1988/7/25,290.00 
1988/8/1,244.00 
1988/8/8,288.75 
1988/8/15,268.00 
1988/8/22,277.50 
1988/8/29,247.50 
1988/9/5,254.50 
1988/9/12,271.00 
1988/9/19,265.00 
1988/9/26,250.50 
1988/10/3,246.00 
1988/10/10,249.25 
1988/10/17,254.75 
1988/10/24,257.50 
1988/10/31,236.50 
1988/11/7,232.50 
1988/11/14,223.00 
1988/11/21,210.00 
1988/11/28,209.00 
1988/12/5,195.50 
1988/12/12,198.25 
1988/12/19,214.00 
1988/12/26,221.00 
1989/1/2,242.75 
1989/1/9,245.00 
1989/1/16,239.00 
1989/1/23,233.00 
1989/1/30,235.25 
1989/2/6,221.75 
1989/2/13,214.00 
1989/2/20,209.00 
1989/2/27,213.00 
1989/3/6,204.75 
1989/3/13,210.00 
1989/3/20,209.50 
1989/3/27,207.25 
1989/4/3,196.75 
1989/4/10,188.00 
1989/4/17,183.50 
1989/4/24,198.25 
1989/5/1,189.00 
1989/5/8,184.25 
1989/5/15,188.50 
1989/5/22,184.00 
1989/5/29,175.00 
1989/6/5,165.25 
1989/6/12,162.50 
1989/6/19,161.50 
1989/6/26,168.25 
1989/7/3,153.50 
1989/7/10,168.00 
1989/7/17,144.25 
1989/7/24,142.00 
1989/7/31,143.00 
1989/8/7,133.00 
1989/8/14,136.00 
1989/8/21,139.50 
1989/8/28,141.00 
1989/9/4,134.50 
1989/9/11,134.75 
1989/9/18,136.50 
1989/9/25,134.00 
1989/10/2,143.50 
1989/10/9,147.75 
1989/10/16,140.50 
1989/10/23,143.75 
1989/10/30,145.25 
1989/11/6,142.50 
1989/11/13,143.50 
1989/11/20,144.50 
1989/11/27,145.50 
1989/12/4,143.75 
1989/12/11,144.25 
1989/12/18,144.50 
1989/12/25,140.00 
1990/1/1,153.00 
1990/1/8,151.25 
1990/1/15,149.50 
1990/1/22,142.25 
1990/1/29,138.50 
1990/2/5,137.25 
1990/2/12,135.50 
1990/2/19,139.50 
1990/2/26,134.75 
1990/3/5,136.50 
1990/3/12,145.75 
1990/3/19,145.50 
1990/3/26,146.50 
1990/4/2,148.00 
1990/4/9,152.25 
1990/4/16,151.00 
1990/4/23,157.75 
1990/4/30,157.00 
1990/5/7,164.75 
1990/5/14,166.00 
1990/5/21,156.00 
1990/5/28,150.75 
1990/6/4,146.25 
1990/6/11,146.50 
1990/6/18,146.00 
1990/6/25,141.50 
1990/7/2,137.00 
1990/7/9,140.00 
1990/7/16,129.00 
1990/7/23,119.75 
1990/7/30,128.25 
1990/8/6,129.50 
1990/8/13,117.25 
1990/8/20,116.00 
1990/8/27,117.50 
1990/9/3,108.50 
1990/9/10,107.75 
1990/9/17,111.50 
1990/9/24,110.75 
1990/10/1,114.50 
1990/10/8,123.00 
1990/10/15,122.25 
1990/10/22,119.00 
1990/10/29,124.00 
1990/11/5,121.00 
1990/11/12,120.00 
1990/11/19,112.25 
1990/11/26,108.25 
1990/12/3,107.25 
1990/12/10,111.50 
1990/12/17,110.75 
1990/12/24,106.50 
1990/12/31,114.75 
1991/1/7,109.50 
1991/1/14,109.75 
1991/1/21,112.50 
1991/1/28,112.25 
1991/2/4,109.75 
1991/2/11,109.00 
1991/2/18,108.00 
1991/2/25,109.00 
1991/3/4,109.00 
1991/3/11,120.50 
1991/3/18,123.50 
1991/3/25,117.25 
1991/4/1,122.00 
1991/4/8,131.25 
1991/4/15,123.50 
1991/4/22,121.75 
1991/4/29,124.75 
1991/5/6,121.50 
1991/5/13,125.25 
1991/5/20,128.25 
1991/5/27,130.00 
1991/6/3,128.50 
1991/6/10,121.50 
1991/6/17,119.75 
1991/6/24,111.00 
1991/7/1,105.75 
1991/7/8,113.75 
1991/7/15,113.50 
1991/7/22,125.75 
1991/7/29,137.50 
1991/8/5,127.25 
1991/8/12,135.00 
1991/8/19,129.75 
1991/8/26,117.25 
1991/9/2,122.75 
1991/9/9,124.50 
1991/9/16,118.00 
1991/9/23,119.25 
1991/9/30,130.50 
1991/10/7,131.00 
1991/10/14,128.25 
1991/10/21,131.75 
1991/10/28,134.25 
1991/11/4,132.75 
1991/11/11,130.25 
1991/11/18,128.00 
1991/11/25,126.50 
1991/12/2,126.25 
1991/12/9,124.00 
1991/12/16,126.00 
1991/12/23,129.50 
1991/12/30,139.00 
1992/1/6,138.00 
1992/1/13,136.75 
1992/1/20,136.75 
1992/1/27,139.75 
1992/2/3,142.00 
1992/2/10,164.50 
1992/2/17,162.50 
1992/2/24,158.00 
1992/3/2,147.00 
1992/3/9,150.25 
1992/3/16,152.75 
1992/3/23,151.00 
1992/3/30,150.50 
1992/4/6,151.00 
1992/4/13,138.25 
1992/4/20,136.00 
1992/4/27,140.50 
1992/5/4,136.25 
1992/5/11,146.75 
1992/5/18,145.50 
1992/5/25,142.00 
1992/6/1,136.50 
1992/6/8,137.75 
1992/6/15,145.50 
1992/6/22,131.25 
1992/6/29,132.00 
1992/7/6,124.50 
1992/7/13,125.50 
1992/7/20,131.00 
1992/7/27,128.50 
1992/8/3,131.25 
1992/8/10,125.75 
1992/8/17,120.25 
1992/8/24,119.75 
1992/8/31,129.00 
1992/9/7,138.00 
1992/9/14,138.00 
1992/9/21,145.75 
1992/9/28,135.75 
1992/10/5,139.00 
1992/10/12,133.75 
1992/10/19,135.25 
1992/10/26,136.25 
1992/11/2,133.25 
1992/11/9,135.75 
1992/11/16,136.50 
1992/11/23,145.75 
1992/11/30,142.75 
1992/12/7,140.75 
1992/12/14,143.00 
1992/12/21,146.75 
1992/12/28,148.50 
1993/1/4,144.50 
1993/1/11,145.00 
1993/1/18,147.25 
1993/1/25,146.25 
1993/2/1,140.75 
1993/2/8,140.00 
1993/2/15,141.50 
1993/2/22,139.00 
1993/3/1,136.25 
1993/3/8,137.75 
1993/3/15,135.75 
1993/3/22,135.00 
1993/3/29,137.75 
1993/4/5,141.00 
1993/4/12,142.25 
1993/4/19,146.50 
1993/4/26,156.25 
1993/5/3,141.75 
1993/5/10,141.25 
1993/5/17,141.25 
1993/5/24,139.50 
1993/5/31,135.25 
1993/6/7,132.75 
1993/6/14,137.25 
1993/6/21,128.25 
1993/6/28,132.25 
1993/7/5,134.25 
1993/7/12,149.25 
1993/7/19,141.75 
1993/7/26,139.50 
1993/8/2,147.50 
1993/8/9,145.25 
1993/8/16,139.75 
1993/8/23,142.50 
1993/8/30,139.75 
1993/9/6,135.25 
1993/9/13,131.75 
1993/9/20,134.50 
1993/9/27,147.50 
1993/10/4,138.75 
1993/10/11,136.25 
1993/10/18,138.75 
1993/10/25,139.75 
1993/11/1,135.25 
1993/11/8,131.25 
1993/11/15,132.25 
1993/11/22,133.25 
1993/11/29,129.50 
1993/12/6,127.50 
1993/12/13,132.00 
1993/12/20,128.00 
1993/12/27,135.00 
1994/1/3,138.00 
1994/1/10,135.25 
1994/1/17,139.50 
1994/1/24,137.00 
1994/1/31,135.00 
1994/2/7,132.25 
1994/2/14,129.75 
1994/2/21,128.50 
1994/2/28,129.50 
1994/3/7,127.25 
1994/3/14,125.50 
1994/3/21,126.00 
1994/3/28,129.00 
1994/4/4,133.00 
1994/4/11,124.00 
1994/4/18,118.50 
1994/4/25,116.50 
1994/5/2,116.75 
1994/5/9,111.50 
1994/5/16,110.50 
1994/5/23,116.50 
1994/5/30,123.25 
1994/6/6,125.25 
1994/6/13,119.00 
1994/6/20,131.50 
1994/6/27,136.50 
1994/7/4,124.50 
1994/7/11,110.25 
1994/7/18,114.50 
1994/7/25,111.50 
1994/8/1,115.50 
1994/8/8,121.00 
1994/8/15,118.75 
1994/8/22,119.50 
1994/8/29,123.25 
1994/9/5,118.75 
1994/9/12,124.00 
1994/9/19,129.75 
1994/9/26,126.25 
1994/10/3,125.75 
1994/10/10,130.50 
1994/10/17,130.25 
1994/10/24,128.50 
1994/10/31,126.00 
1994/11/7,126.00 
1994/11/14,127.00 
1994/11/21,125.25 
1994/11/28,114.00 
1994/12/5,108.25 
1994/12/12,108.25 
1994/12/19,114.50 
1994/12/26,117.25 
1995/1/2,127.50 
1995/1/9,125.50 
1995/1/16,122.50 
1995/1/23,122.00 
1995/1/30,120.25 
1995/2/6,121.75 
1995/2/13,120.50 
1995/2/20,119.75 
1995/2/27,118.50 
1995/3/6,123.00 
1995/3/13,123.50 
1995/3/20,124.25 
1995/3/27,126.00 
1995/4/3,133.75 
1995/4/10,135.75 
1995/4/17,136.25 
1995/4/24,138.75 
1995/5/1,135.50 
1995/5/8,139.00 
1995/5/15,139.25 
1995/5/22,144.50 
1995/5/29,154.50 
1995/6/5,155.50 
1995/6/12,153.25 
1995/6/19,139.75 
1995/6/26,147.50 
1995/7/3,140.00 
1995/7/10,151.00 
1995/7/17,151.75 
1995/7/24,166.00 
1995/7/31,176.00 
1995/8/7,173.75 
1995/8/14,158.75 
1995/8/21,158.25 
1995/8/28,161.75 
1995/9/4,166.75 
1995/9/11,165.75 
1995/9/18,171.00 
1995/9/25,175.00 
1995/10/2,174.50 
1995/10/9,181.25 
1995/10/16,183.75 
1995/10/23,188.75 
1995/10/30,194.25 
1995/11/6,198.00 
1995/11/13,201.75 
1995/11/20,200.50 
1995/11/27,205.25 
1995/12/4,206.25 
1995/12/11,226.00 
1995/12/18,232.50 
1995/12/25,234.50 
1996/1/1,241.75 
1996/1/8,246.50 
1996/1/15,228.50 
1996/1/22,221.00 
1996/1/29,217.50 
1996/2/5,226.25 
1996/2/12,217.25 
1996/2/19,212.00 
1996/2/26,215.00 
1996/3/4,222.00 
1996/3/11,223.25 
1996/3/18,231.00 
1996/3/25,226.25 
1996/4/1,234.00 
1996/4/8,237.25 
1996/4/15,236.00 
1996/4/22,223.25 
1996/4/29,258.75 
1996/5/6,255.50 
1996/5/13,249.00 
1996/5/20,254.00 
1996/5/27,235.50 
1996/6/3,221.50 
1996/6/10,214.00 
1996/6/17,225.50 
1996/6/24,240.25 
1996/7/1,223.50 
1996/7/8,236.50 
1996/7/15,256.00 
1996/7/22,245.00 
1996/7/29,202.25 
1996/8/5,189.00 
1996/8/12,183.00 
1996/8/19,198.25 
1996/8/26,195.75 
1996/9/2,196.00 
1996/9/9,192.00 
1996/9/16,194.25 
1996/9/23,176.25 
1996/9/30,167.75 
1996/10/7,171.00 
1996/10/14,182.50 
1996/10/21,173.50 
1996/10/28,175.75 
1996/11/4,164.50 
1996/11/11,155.75 
1996/11/18,160.75 
1996/11/25,151.25 
1996/12/2,153.75 
1996/12/9,146.75 
1996/12/16,145.25 
1996/12/23,149.75 
1996/12/30,157.00 
1997/1/6,152.00 
1997/1/13,162.25 
1997/1/20,159.25 
1997/1/27,154.75 
1997/2/3,155.00 
1997/2/10,159.25 
1997/2/17,177.25 
1997/2/24,177.50 
1997/3/3,188.50 
1997/3/10,191.50 
1997/3/17,189.50 
1997/3/24,195.50 
1997/3/31,174.50 
1997/4/7,175.75 
1997/4/14,167.50 
1997/4/21,174.25 
1997/4/28,173.00 
1997/5/5,166.50 
1997/5/12,169.50 
1997/5/19,173.00 
1997/5/26,176.00 
1997/6/2,158.25 
1997/6/9,171.50 
1997/6/16,168.00 
1997/6/23,159.00 
1997/6/30,162.50 
1997/7/7,159.00 
1997/7/14,163.50 
1997/7/21,175.00 
1997/7/28,174.50 
1997/8/4,163.25 
1997/8/11,163.25 
1997/8/18,171.25 
1997/8/25,167.00 
1997/9/1,163.25 
1997/9/8,169.25 
1997/9/15,166.50 
1997/9/22,169.00 
1997/9/29,156.50 
1997/10/6,156.50 
1997/10/13,161.00 
1997/10/20,162.50 
1997/10/27,168.25 
1997/11/3,163.75 
1997/11/10,156.25 
1997/11/17,151.50 
1997/11/24,148.00 
1997/12/1,148.25 
1997/12/8,146.75 
1997/12/15,152.25 
1997/12/22,147.00 
1997/12/29,152.75 
1998/1/5,149.75 
1998/1/12,150.75 
1998/1/19,151.50 
1998/1/26,151.25 
1998/2/2,149.25 
1998/2/9,148.00 
1998/2/16,146.25 
1998/2/23,142.00 
1998/3/2,143.00 
1998/3/9,141.00 
1998/3/16,141.50 
1998/3/23,137.75 
1998/3/30,141.50 
1998/4/6,133.50 
1998/4/13,124.25 
1998/4/20,127.25 
1998/4/27,135.25 
1998/5/4,122.50 
1998/5/11,128.25 
1998/5/18,124.50 
1998/5/25,127.25 
1998/6/1,127.75 
1998/6/8,132.25 
1998/6/15,121.50 
1998/6/22,120.75 
1998/6/29,125.00 
1998/7/6,125.25 
1998/7/13,123.50 
1998/7/20,117.00 
1998/7/27,116.00 
1998/8/3,112.25 
1998/8/10,105.25 
1998/8/17,105.50 
1998/8/24,104.00 
1998/8/31,108.25 
1998/9/7,99.75 
1998/9/14,107.25 
1998/9/21,108.00 
1998/9/28,115.50 
1998/10/5,112.50 
1998/10/12,112.50 
1998/10/19,120.75 
1998/10/26,114.25 
1998/11/2,115.50 
1998/11/9,112.75 
1998/11/16,112.75 
1998/11/23,111.75 
1998/11/30,107.25 
1998/12/7,105.50 
1998/12/14,105.25 
1998/12/21,107.00 
1998/12/28,108.50 
1999/1/4,108.25 
1999/1/11,108.75 
1999/1/18,108.50 
1999/1/25,105.75 
1999/2/1,106.75 
1999/2/8,106.25 
1999/2/15,106.25 
1999/2/22,101.00 
1999/3/1,102.25 
1999/3/8,106.00 
1999/3/15,106.50 
1999/3/22,110.00 
1999/3/29,115.75 
1999/4/5,121.75 
1999/4/12,105.00 
1999/4/19,114.75 
1999/4/26,124.00 
1999/5/3,129.00 
1999/5/10,120.75 
1999/5/17,130.50 
1999/5/24,121.00 
1999/5/31,119.50 
1999/6/7,121.75 
1999/6/14,125.75 
1999/6/21,120.25 
1999/6/28,113.00 
1999/7/5,114.25 
1999/7/12,110.00 
1999/7/19,107.75 
1999/7/26,115.50 
1999/8/2,108.50 
1999/8/9,111.00 
1999/8/16,113.25 
1999/8/23,107.25 
1999/8/30,104.75 
1999/9/6,108.50 
1999/9/13,109.00 
1999/9/20,109.00 
1999/9/27,105.75 
1999/10/4,115.25 
1999/10/11,110.00 
1999/10/18,109.50 
1999/10/25,109.50 
1999/11/1,110.75 
1999/11/8,112.75 
1999/11/15,107.75 
1999/11/22,108.25 
1999/11/29,105.75 
1999/12/6,101.75 
1999/12/13,104.25 
1999/12/20,104.00 
1999/12/27,109.00 
2000/1/3,109.00 
2000/1/10,109.00 
2000/1/17,108.50 
2000/1/24,112.00 
2000/1/31,115.00 
2000/2/7,111.75 
2000/2/14,109.25 
2000/2/21,108.75 
2000/2/28,108.75 
2000/3/6,111.75 
2000/3/13,111.50 
2000/3/20,113.75 
2000/3/27,120.75 
2000/4/3,118.50 
2000/4/10,122.25 
2000/4/17,120.50 
2000/4/24,122.50 
2000/5/1,126.00 
2000/5/8,130.50 
2000/5/15,125.50 
2000/5/22,119.00 
2000/5/29,121.25 
2000/6/5,113.00 
2000/6/12,113.75 
2000/6/19,106.00 
2000/6/26,106.50 
2000/7/3,103.50 
2000/7/10,95.50 
2000/7/17,102.00 
2000/7/24,105.50 
2000/7/31,107.25 
2000/8/7,106.00 
2000/8/14,99.00 
2000/8/21,97.75 
2000/8/28,98.75 
2000/9/4,98.75 
2000/9/11,100.25 
2000/9/18,102.00 
2000/9/25,107.25 
2000/10/2,107.00 
2000/10/9,105.75 
2000/10/16,107.75 
2000/10/23,107.25 
2000/10/30,109.00 
2000/11/6,108.00 
2000/11/13,109.50 
2000/11/20,103.75 
2000/11/27,100.50 
2000/12/4,99.50 
2000/12/11,100.75 
2000/12/18,102.00 
2000/12/25,110.25 
2001/1/1,111.25 
2001/1/8,112.50 
2001/1/15,113.00 
2001/1/22,104.75 
2001/1/29,105.50 
2001/2/5,102.75 
2001/2/12,104.50 
2001/2/19,101.50 
2001/2/26,103.00 
2001/3/5,99.75 
2001/3/12,104.25 
2001/3/19,107.00 
2001/3/26,109.00 
2001/4/2,106.50 
2001/4/9,109.25 
2001/4/16,109.25 
2001/4/23,111.25 
2001/4/30,106.25 
2001/5/7,109.25 
2001/5/14,110.00 
2001/5/21,110.00 
2001/5/28,109.75 
2001/6/4,111.75 
2001/6/11,110.75 
2001/6/18,109.50 
2001/6/25,107.50 
2001/7/2,107.25 
2001/7/9,117.25 
2001/7/16,134.50 
2001/7/23,136.50 
2001/7/30,147.25 
2001/8/6,140.50 
2001/8/13,132.50 
2001/8/20,133.50 
2001/8/27,129.75 
2001/9/3,136.50 
2001/9/10,141.50 
2001/9/17,143.50 
2001/9/24,156.25 
2001/10/1,155.75 
2001/10/8,174.75 
2001/10/15,185.25 
2001/10/22,190.25 
2001/10/29,187.50 
2001/11/5,195.25 
2001/11/12,200.25 
2001/11/19,209.75 
2001/11/26,210.25 
2001/12/3,212.50 
2001/12/10,230.00 
2001/12/17,235.25 
2001/12/24,191.50 
2001/12/31,189.00 
2002/1/7,203.75 
2002/1/14,203.75 
2002/1/21,189.75 
2002/1/28,193.00 
2002/2/4,194.50 
2002/2/11,202.50 
2002/2/18,204.25 
2002/2/25,208.75 
2002/3/4,233.50 
2002/3/11,238.75 
2002/3/18,244.25 
2002/3/25,197.00 
2002/4/1,201.75 
2002/4/8,207.00 
2002/4/15,205.50 
2002/4/22,174.50 
2002/4/29,160.75 
2002/5/6,166.75 
2002/5/13,176.75 
2002/5/20,140.50 
2002/5/27,152.50 
2002/6/3,170.00 
2002/6/10,199.00 
2002/6/17,182.50 
2002/6/24,183.75 
2002/7/1,190.75 
2002/7/8,210.50 
2002/7/15,217.25 
2002/7/22,176.25 
2002/7/29,176.00 
2002/8/5,170.75 
2002/8/12,181.50 
2002/8/19,186.75 
2002/8/26,180.50 
2002/9/2,186.50 
2002/9/9,190.00 
2002/9/16,204.25 
2002/9/23,200.50 
2002/9/30,208.50 
2002/10/7,214.50 
2002/10/14,213.50 
2002/10/21,202.75 
2002/10/28,188.25 
2002/11/4,204.50 
2002/11/11,205.00 
2002/11/18,190.50 
2002/11/25,203.75 
2002/12/2,191.75 
2002/12/9,201.00 
2002/12/16,200.00 
2002/12/23,204.00 
2002/12/30,204.25 
2003/1/6,201.75 
2003/1/13,206.00 
2003/1/20,212.25 
2003/1/27,211.50 
2003/2/3,206.00 
2003/2/10,200.25 
2003/2/17,214.75 
2003/2/24,210.25 
2003/3/3,214.25 
2003/3/10,220.00 
2003/3/17,217.25 
2003/3/24,180.50 
2003/3/31,183.75 
2003/4/7,184.75 
2003/4/14,187.75 
2003/4/21,185.50 
2003/4/28,178.00 
2003/5/5,167.75 
2003/5/12,170.00 
2003/5/19,167.00 
2003/5/26,158.00 
2003/6/2,143.75 
2003/6/9,145.75 
2003/6/16,146.75 
2003/6/23,155.75 
2003/6/30,148.00 
2003/7/7,155.75 
2003/7/14,153.00 
2003/7/21,126.75 
2003/7/28,128.00 
2003/8/4,142.00 
2003/8/11,132.25 
2003/8/18,141.75 
2003/8/25,139.50 
2003/9/1,134.50 
2003/9/8,145.00 
2003/9/15,142.00 
2003/9/22,139.00 
2003/9/29,141.75 
2003/10/6,145.00 
2003/10/13,147.50 
2003/10/20,140.25 
2003/10/27,139.25 
2003/11/3,147.50 
2003/11/10,140.50 
2003/11/17,145.25 
2003/11/24,143.50 
2003/12/1,135.00 
2003/12/8,142.00 
2003/12/15,145.00 
2003/12/22,147.50 
2003/12/29,147.00 
2004/1/5,149.50 
2004/1/12,155.75 
2004/1/19,162.75 
2004/1/26,159.00 
2004/2/2,158.75 
2004/2/9,156.00 
2004/2/16,150.00 
2004/2/23,149.75 
2004/3/1,151.75 
2004/3/8,152.00 
2004/3/15,155.00 
2004/3/22,162.00 
2004/3/29,169.00 
2004/4/5,172.00 
2004/4/12,172.50 
2004/4/19,163.00 
2004/4/26,163.25 
2004/5/3,172.25 
2004/5/10,171.00 
2004/5/17,162.00 
2004/5/24,146.50 
2004/5/31,152.75 
2004/6/7,157.75 
2004/6/14,146.25 
2004/6/21,144.75 
2004/6/28,142.75 
2004/7/5,139.75 
2004/7/12,134.00 
2004/7/19,136.00 
2004/7/26,132.25 
2004/8/2,127.75 
2004/8/9,124.75 
2004/8/16,133.75 
2004/8/23,131.50 
2004/8/30,142.50 
2004/9/6,143.75 
2004/9/13,142.00 
2004/9/20,162.00 
2004/9/27,170.50 
2004/10/4,146.25 
2004/10/11,143.00 
2004/10/18,143.50 
2004/10/25,145.50 
2004/11/1,138.75 
2004/11/8,140.00 
2004/11/15,142.25 
2004/11/22,149.50 
2004/11/29,150.25 
2004/12/6,168.00 
2004/12/13,165.00 
2004/12/20,175.00 
2004/12/27,159.00 
2005/1/3,156.50 
2005/1/10,156.50 
2005/1/17,161.50 
2005/1/24,172.00 
2005/1/31,168.00 
2005/2/7,168.00 
2005/2/14,161.50 
2005/2/21,159.25 
2005/2/28,159.50 
2005/3/7,172.50 
2005/3/14,175.50 
2005/3/21,158.75 
2005/3/28,154.50 
2005/4/4,160.00 
2005/4/11,153.00 
2005/4/18,159.00 
2005/4/25,154.25 
2005/5/2,149.75 
2005/5/9,134.00 
2005/5/16,131.00 
2005/5/23,135.75 
2005/5/30,136.50 
2005/6/6,135.75 
2005/6/13,143.75 
2005/6/20,152.00 
2005/6/27,153.50 
2005/7/4,152.50 
2005/7/11,168.00 
2005/7/18,173.00 
2005/7/25,175.75 
2005/8/1,169.75 
2005/8/8,161.00 
2005/8/15,159.25 
2005/8/22,150.50 
2005/8/29,150.00 
2005/9/5,142.00 
2005/9/12,147.00 
2005/9/19,150.00 
2005/9/26,157.25 
2005/10/3,155.25 
2005/10/10,164.75 
2005/10/17,165.50 
2005/10/24,161.25 
2005/10/31,167.00 
2005/11/7,160.75 
2005/11/14,166.00 
2005/11/21,165.25 
2005/11/28,175.75 
2005/12/5,181.50 
2005/12/12,208.50 
2005/12/19,220.50 
2005/12/26,189.75 
2006/1/2,193.75 
2006/1/9,199.75 
2006/1/16,186.00 
2006/1/23,185.75 
2006/1/30,190.75 
2006/2/6,192.00 
2006/2/13,188.75 
2006/2/20,189.00 
2006/2/27,187.00 
2006/3/6,182.00 
2006/3/13,183.25 
2006/3/20,181.00 
2006/3/27,170.25 
2006/4/3,174.00 
2006/4/10,173.50 
2006/4/17,171.25 
2006/4/24,171.50 
2006/5/1,177.00 
2006/5/8,186.00 
2006/5/15,187.00 
2006/5/22,197.50 
2006/5/29,196.50 
2006/6/5,180.25 
2006/6/12,186.50 
2006/6/19,195.25 
2006/6/26,196.50 
2006/7/3,210.00 
2006/7/10,217.00 
2006/7/17,231.50 
2006/7/24,199.75 
2006/7/31,195.00 
2006/8/7,188.50 
2006/8/14,181.50 
2006/8/21,175.00 
2006/8/28,174.50 
2006/9/4,176.00 
2006/9/11,188.00 
2006/9/18,189.00 
2006/9/25,203.00 
2006/10/2,202.25 
2006/10/9,206.75 
2006/10/16,220.25 
2006/10/23,238.25 
2006/10/30,234.00 
2006/11/6,234.00 
2006/11/13,265.25 
2006/11/20,264.00 
2006/11/27,255.50 
2006/12/4,255.50 
2006/12/11,254.00 
2006/12/18,256.00 
2006/12/25,269.75 
2007/1/1,276.75 
2007/1/8,262.00 
2007/1/15,252.25 
2007/1/22,269.00 
2007/1/29,268.00 
2007/2/5,259.25 
2007/2/12,254.00 
2007/2/19,242.00 
2007/2/26,241.50 
2007/3/5,249.25 
2007/3/12,260.00 
2007/3/19,280.00 
2007/3/26,283.50 
2007/4/2,289.50 
2007/4/9,273.00 
2007/4/16,278.50 
2007/4/23,267.00 
2007/4/30,252.50 
2007/5/7,262.50 
2007/5/14,254.75 
2007/5/21,257.50 
2007/5/28,269.25 
2007/6/4,274.00 
2007/6/11,292.75 
2007/6/18,291.00 
2007/6/25,272.25 
2007/7/2,263.00 
2007/7/9,293.00 
2007/7/16,294.25 
2007/7/23,248.75 
2007/7/30,251.00 
2007/8/6,261.25 
2007/8/13,262.00 
2007/8/20,248.00 
2007/8/27,245.00 
2007/9/3,240.00 
2007/9/10,257.00 
2007/9/17,256.00 
2007/9/24,277.50 
2007/10/1,281.50 
2007/10/8,276.00 
2007/10/15,271.50 
2007/10/22,276.00 
2007/10/29,278.25 
2007/11/5,283.00 
2007/11/12,296.75 
2007/11/19,286.50 
2007/11/26,277.00 
2007/12/3,269.50 
2007/12/10,264.50 
2007/12/17,280.00 
2007/12/24,297.00 
2007/12/31,309.00 
2008/1/7,312.00 
2008/1/14,332.50 
2008/1/21,329.50 
2008/1/28,313.50 
2008/2/4,324.25 
2008/2/11,337.50 
2008/2/18,341.50 
2008/2/25,368.00 
2008/3/3,417.25 
2008/3/10,416.50 
2008/3/17,395.00 
2008/3/24,378.00 
2008/3/31,334.00 
2008/4/7,388.00 
2008/4/14,370.50 
2008/4/21,393.00 
2008/4/28,379.00 
2008/5/5,368.50 
2008/5/12,408.50 
2008/5/19,405.00 
2008/5/26,394.00 
2008/6/2,394.00 
2008/6/9,378.00 
2008/6/16,393.00 
2008/6/23,424.00 
2008/6/30,420.00 
2008/7/7,438.00 
2008/7/14,427.00 
2008/7/21,432.00 
2008/7/28,387.00 
2008/8/4,386.00 
2008/8/11,359.75 
2008/8/18,357.00 
2008/8/25,369.50 
2008/9/1,355.00 
2008/9/8,344.00 
2008/9/15,327.00 
2008/9/22,326.25 
2008/9/29,343.00 
2008/10/6,316.00 
2008/10/13,293.75 
2008/10/20,292.00 
2008/10/27,277.00 
2008/11/3,219.50 
2008/11/10,245.00 
2008/11/17,236.00 
2008/11/24,215.50 
2008/12/1,203.25 
2008/12/8,206.50 
2008/12/15,193.50 
2008/12/22,226.00 
2008/12/29,215.00 
2009/1/5,210.00 
2009/1/12,228.00 
2009/1/19,209.00 
2009/1/26,214.00 
2009/2/2,212.00 
2009/2/9,187.50 
2009/2/16,194.50 
2009/2/23,176.00 
2009/3/2,177.00 
2009/3/9,175.75 
2009/3/16,181.00 
2009/3/23,193.00 
2009/3/30,197.50 
2009/4/6,193.00 
2009/4/13,199.00 
2009/4/20,192.00 
2009/4/27,184.25 
2009/5/4,186.25 
2009/5/11,199.25 
2009/5/18,231.50 
2009/5/25,234.00 
2009/6/1,247.75 
2009/6/8,260.50 
2009/6/15,246.00 
2009/6/22,213.00 
2009/6/29,208.00 
2009/7/6,214.75 
2009/7/13,205.00 
2009/7/20,209.50 
2009/7/27,206.25 
2009/8/3,193.50 
2009/8/10,211.00 
2009/8/17,199.00 
2009/8/24,203.25 
2009/8/31,215.50 
2009/9/7,203.25 
2009/9/14,193.00 
2009/9/21,217.25 
2009/9/28,213.00 
2009/10/5,234.00 
2009/10/12,228.25 
2009/10/19,258.50 
2009/10/26,259.00 
2009/11/2,244.00 
2009/11/9,257.00 
2009/11/16,263.75 
2009/11/23,261.50 
2009/11/30,257.50 
2009/12/7,253.00 
2009/12/14,243.00 
2009/12/21,258.75 
2009/12/28,258.50 
2010/1/4,267.25 
2010/1/11,272.75 
2010/1/18,250.50 
2010/1/25,223.75 
2010/2/1,231.75 
2010/2/8,230.75 
2010/2/15,230.25 
2010/2/22,236.00 
2010/3/1,225.00 
2010/3/8,221.25 
2010/3/15,217.50 
2010/3/22,224.00 
2010/3/29,215.00 
2010/4/5,212.00 
2010/4/12,209.00 
2010/4/19,214.00 
2010/4/26,208.75 
2010/5/3,200.00 
2010/5/10,204.50 
2010/5/17,196.75 
2010/5/24,193.00 
2010/5/31,193.50 
2010/6/7,194.75 
2010/6/14,196.75 
2010/6/21,268.50 
2010/6/28,275.00 
2010/7/5,252.00 
2010/7/12,251.25 
2010/7/19,245.75 
2010/7/26,254.50 
2010/8/2,247.25 
2010/8/9,277.75 
2010/8/16,274.00 
2010/8/23,277.75 
2010/8/30,260.50 
2010/9/6,266.75 
2010/9/13,296.00 
2010/9/20,322.25 
2010/9/27,353.50 
2010/10/4,333.00 
2010/10/11,348.25 
2010/10/18,386.25 
2010/10/25,343.00 
2010/11/1,370.00 
2010/11/8,364.00 
2010/11/15,372.50 
2010/11/22,340.75 
2010/11/29,347.75 
2010/12/6,335.50 
2010/12/13,368.50 
2010/12/20,383.75 
2010/12/27,396.00 
2011/1/3,386.00 
2011/1/10,390.25 
2011/1/17,386.00 
2011/1/24,398.25 
2011/1/31,379.00 
2011/2/7,402.00 
2011/2/14,419.25 
2011/2/21,407.00 
2011/2/28,375.00 
2011/3/7,379.75 
2011/3/14,373.00 
2011/3/21,329.00 
2011/3/28,344.00 
2011/4/4,350.25 
2011/4/11,391.50 
2011/4/18,392.25 
2011/4/25,397.50 
2011/5/2,388.75 
2011/5/9,333.50 
2011/5/16,351.50 
2011/5/23,362.25 
2011/5/30,363.00 
2011/6/6,389.00 
2011/6/13,371.75 
2011/6/20,389.25 
2011/6/27,357.00 
2011/7/4,348.00 
2011/7/11,344.00 
2011/7/18,351.50 
2011/7/25,355.25 
2011/8/1,356.50 
2011/8/8,349.00 
2011/8/15,337.50 
2011/8/22,348.00 
2011/8/29,364.50 
2011/9/5,373.00 
2011/9/12,362.75 
2011/9/19,344.00 
2011/9/26,349.00 
2011/10/3,334.50 
2011/10/10,324.50 
2011/10/17,339.00 
2011/10/24,339.00 
2011/10/31,336.40 
2011/11/7,335.00 
2011/11/14,328.00 
2011/11/21,322.00 
2011/11/28,303.50 
2011/12/5,317.50 
2011/12/12,300.00 
2011/12/19,305.00 
2011/12/26,308.60 
2012/1/2,317.40 
2012/1/9,298.50 
2012/1/16,299.20 
2012/1/23,286.60 
2012/1/30,294.20 
2012/2/6,298.00 
2012/2/13,328.00 
2012/2/20,323.40 
2012/2/27,320.40 
2012/3/5,320.00 
2012/3/12,322.60 
2012/3/19,331.50 
2012/3/26,331.00 
2012/4/2,340.00 
2012/4/9,336.60 
2012/4/16,334.00 
2012/4/23,321.00 
2012/4/30,341.60 
2012/5/7,336.20 
2012/5/14,335.20 
2012/5/21,330.20 
2012/5/28,333.20 
2012/6/4,281.00 
2012/6/11,289.00 
2012/6/18,295.40 
2012/6/25,324.50 
2012/7/2,358.75 
2012/7/9,354.00 
2012/7/16,375.75 
2012/7/23,374.20 
2012/7/30,367.00 
2012/8/6,380.25 
2012/8/13,370.25 
2012/8/20,368.50 
2012/8/27,393.40 
2012/9/3,375.20 
2012/9/10,384.40 
2012/9/17,379.60 
2012/9/24,373.50 
2012/10/1,378.50 
2012/10/8,360.25 
2012/10/15,378.00 
2012/10/22,390.00 
2012/10/29,386.00 
2012/11/5,388.75 
2012/11/12,360.40 
2012/11/19,363.75 
2012/11/26,376.50 
2012/12/3,371.00 
2012/12/10,366.20 
2012/12/17,372.75 
2012/12/24,380.50 
2012/12/31,358.60 
2013/1/7,335.50 
2013/1/14,331.75 
2013/1/21,356.20 
2013/1/28,361.40 
2013/2/4,360.00 
2013/2/11,365.40 
2013/2/18,378.00 
2013/2/25,377.75 
2013/3/4,380.00 
2013/3/11,399.60 
2013/3/18,429.60 
2013/3/25,396.00 
2013/4/1,399.50 
2013/4/8,366.50 
2013/4/15,367.75 
2013/4/22,374.75 
2013/4/29,397.00 
2013/5/6,416.00 
2013/5/13,413.75 
2013/5/20,379.75 
2013/5/27,354.40 
2013/6/3,366.25 
2013/6/10,382.00 
2013/6/17,404.25 
2013/6/24,396.75 
2013/7/1,387.00 
2013/7/8,391.00 
2013/7/15,398.00 
2013/7/22,353.75 
2013/7/29,352.75 
2013/8/5,338.25 
2013/8/12,338.75 
2013/8/19,360.00 
2013/8/26,381.00 
2013/9/2,363.25 
2013/9/9,381.00 
2013/9/16,370.00 
2013/9/23,306.50 
2013/9/30,310.50 
2013/10/7,316.00 
2013/10/14,317.00 
2013/10/21,325.50 
2013/10/28,341.00 
2013/11/4,325.75 
2013/11/11,340.00 
2013/11/18,336.50 
2013/11/25,355.75 
2013/12/2,380.75 
2013/12/9,369.00 
2013/12/16,376.00 
2013/12/23,355.00 
2013/12/30,354.50 
2014/1/6,353.50 
2014/1/13,363.75 
2014/1/20,391.00 
2014/1/27,399.50 
2014/2/3,417.25 
2014/2/10,424.75 
2014/2/17,433.50 
2014/2/24,430.00 
2014/3/3,503.00 
2014/3/10,544.50 
2014/3/17,473.75 
2014/3/24,441.25 
2014/3/31,402.25 
2014/4/7,414.25 
2014/4/14,435.00 
2014/4/21,399.00 
2014/4/28,408.25 
2014/5/5,422.00 
2014/5/12,410.00 
2014/5/19,410.00 
2014/5/26,334.25 
2014/6/2,339.00 
2014/6/9,359.00 
2014/6/16,347.50 
2014/6/23,337.75 
2014/6/30,339.00 
2014/7/7,352.50 
2014/7/14,388.00 
2014/7/21,332.25 
2014/7/28,333.00 
2014/8/4,356.00 
2014/8/11,357.00 
2014/8/18,356.00 
2014/8/25,369.75 
2014/9/1,359.50 
2014/9/8,388.00 
2014/9/15,371.00 
2014/9/22,350.75 
2014/9/29,332.00 
2014/10/6,333.00 
2014/10/13,351.25 
2014/10/20,345.00 
2014/10/27,350.25 
2014/11/3,356.25 
2014/11/10,342.25 
2014/11/17,336.00 
2014/11/24,334.00 
2014/12/1,298.00 
2014/12/8,297.75 
2014/12/15,310.75 
2014/12/22,313.75 
2014/12/29,309.00 
2015/1/5,304.50 
2015/1/12,303.50 
2015/1/19,292.50 
2015/1/26,291.00 
2015/2/2,289.00 
2015/2/9,281.00 
2015/2/16,273.50 
2015/2/23,277.75 
2015/3/2,273.50 
2015/3/9,294.00 
2015/3/16,287.75 
2015/3/23,270.75 
2015/3/30,282.00 
2015/4/6,263.00 
2015/4/13,273.00 
2015/4/20,263.75 
2015/4/27,259.00 
2015/5/4,233.50 
2015/5/11,227.50 
2015/5/18,248.00 
2015/5/25,248.00 
2015/6/1,238.25 
2015/6/8,254.00 
2015/6/15,257.00 
2015/6/22,253.00 
2015/6/29,253.50 
2015/7/6,252.00 
2015/7/13,254.75 
2015/7/20,255.50 
2015/7/27,240.25 
2015/8/3,229.50 
2015/8/10,235.50 
2015/8/17,227.25 
2015/8/24,225.75 
2015/8/31,212.25 
2015/9/7,233.00 
2015/9/14,231.00 
2015/9/21,235.75 
2015/9/28,226.25 
2015/10/5,227.00 
2015/10/12,219.50 
2015/10/19,231.00 
2015/10/26,225.00 
2015/11/2,226.25 
2015/11/9,225.50 
2015/11/16,226.75 
2015/11/23,237.00 
2015/11/30,248.00 
2015/12/7,261.50 
2015/12/14,266.00 
2015/12/21,228.00 
2015/12/28,225.00 
2016/1/4,221.50 
2016/1/11,210.50 
2016/1/18,207.75 
2016/1/25,208.50 
2016/2/1,201.25 
2016/2/8,199.25 
2016/2/15,195.00 
2016/2/22,199.25 
2016/2/29,182.00 
2016/3/7,170.00 
2016/3/14,177.25 
2016/3/21,194.25 
2016/3/28,189.75 
2016/4/4,192.00 
2016/4/11,183.50 
2016/4/18,188.25 
2016/4/25,196.00 
2016/5/2,197.00 
2016/5/9,180.50 
2016/5/16,178.25 
2016/5/23,196.50 
2016/5/30,188.50 
2016/6/6,189.25 
2016/6/13,197.50 
2016/6/20,206.50 
2016/6/27,206.25 
2016/7/4,206.50 
2016/7/11,216.00 
2016/7/18,238.00 
2016/7/25,204.75 
2016/8/1,199.75 
2016/8/8,195.00 
2016/8/15,174.00 
2016/8/22,173.00 
2016/8/29,172.00 
2016/9/5,159.75 
2016/9/12,159.00 
2016/9/19,168.00 
2016/9/26,175.00 
2016/10/3,175.25 
2016/10/10,181.00 
2016/10/17,195.50 
2016/10/24,197.75 
2016/10/31,210.50 
2016/11/7,220.00 
2016/11/14,228.50 
2016/11/21,231.50 
2016/11/28,221.00 
2016/12/5,199.00 
2016/12/12,209.00 
2016/12/19,221.25 
2016/12/26,228.25 
2017/1/2,233.25 
2017/1/9,239.25 
2017/1/16,230.25 
2017/1/23,249.25 
2017/1/30,259.75 
2017/2/6,244.75 
2017/2/13,257.50 
2017/2/20,253.75 
2017/2/27,251.25 
2017/3/6,259.75 
2017/3/13,268.00 
2017/3/20,263.00 
2017/3/27,253.50 
2017/4/3,234.00 
2017/4/10,222.75 
2017/4/17,219.75 
2017/4/24,219.00 
2017/5/1,222.75 
2017/5/8,244.00 
2017/5/15,248.00 
2017/5/22,230.00 
2017/5/29,241.00 
2017/6/5,241.50 
2017/6/12,255.75 
2017/6/19,254.00 
2017/6/26,262.50 
2017/7/3,245.50 
2017/7/10,272.00 
2017/7/17,308.00 
2017/7/24,291.00 
2017/7/31,282.50 
2017/8/7,281.25 
2017/8/14,273.50 
2017/8/21,258.75 
2017/8/28,238.50 
2017/9/4,233.75 
2017/9/11,233.75 
2017/9/18,236.00 
2017/9/25,240.00 
2017/10/2,249.50 
2017/10/9,250.50 
2017/10/16,249.00 
2017/10/23,265.00 
2017/10/30,276.00 
2017/11/6,264.75 
2017/11/13,270.00 
2017/11/20,276.25 
2017/11/27,257.00 
2017/12/4,245.25 
2017/12/11,239.00 
2017/12/18,235.00 
2017/12/25,246.25 
2018/1/1,243.50 
2018/1/8,242.25 
2018/1/15,249.25 
2018/1/22,250.00 
2018/1/29,269.25 
2018/2/5,272.00 
2018/2/12,269.00 
2018/2/19,274.00 
2018/2/26,267.25 
2018/3/5,259.50 
2018/3/12,261.25 
2018/3/19,254.00 
2018/3/26,235.25 
2018/4/2,226.75 
2018/4/9,233.00 
2018/4/16,237.50 
2018/4/23,229.00 
2018/4/30,225.00 
2018/5/7,226.00 
2018/5/14,226.75 
2018/5/21,241.00 
2018/5/28,249.75 
2018/6/4,246.00 
2018/6/11,246.50 
2018/6/18,242.50 
2018/6/25,235.75 
