1960/1/11,7.69
1960/1/18,7.71
1960/1/25,7.73
1960/2/1,7.92
1960/2/8,7.83
1960/2/15,7.64
1960/2/22,7.48
1960/2/29,7.44
1960/3/7,7.41
1960/3/14,7.47
1960/3/21,7.67
1960/3/28,7.63
1960/4/4,8.09
1960/4/11,8.03
1960/4/18,8
1960/4/25,7.83
1960/5/2,7.68
1960/5/9,7.92
1960/5/16,8.04
1960/5/23,8.29
1960/5/30,8.25
1960/6/6,8.43
1960/6/13,8.41
1960/6/20,8.43
1960/6/27,8.55
1960/7/4,8.58
1960/7/11,8.82
1960/7/18,8.9
1960/7/25,8.89
1960/8/1,8.63
1960/8/8,8.81
1960/8/15,9.23
1960/8/22,9.15
1960/8/29,9.18
1960/9/5,8.81
1960/9/12,8.92
1960/9/19,8.95
1960/9/26,8.84
1960/10/3,8.95
1960/10/10,9.16
1960/10/17,9.2
1960/10/24,9.17
1960/10/31,9.5
1960/11/7,9.64
1960/11/14,9.83
1960/11/21,9.74
1960/11/28,9.86
1960/12/5,9.76
1960/12/12,9.81
1960/12/19,9.79
1960/12/26,9.97
1961/1/2,9.8
1961/1/9,10.03
1961/1/16,10.51
1961/1/23,11.55
1961/1/30,11.1
1961/2/6,11.1
1961/2/13,11.56
1961/2/20,11.8
1961/2/27,12.05
1961/3/6,12.98
1961/3/13,12.79
1961/3/20,12.57
1961/3/27,12.55
1961/4/3,12.87
1961/4/10,12.74
1961/4/17,13.65
1961/4/24,12.79
1961/5/1,13.73
1961/5/8,13.27
1961/5/15,12.27
1961/5/22,12.47
1961/5/29,12.13
1961/6/5,12.31
1961/6/12,12.13
1961/6/19,11.26
1961/6/26,10.81
1961/7/3,10.65
1961/7/10,11.45
1961/7/17,10.97
1961/7/24,10.86
1961/7/31,10.93
1961/8/7,10.75
1961/8/14,10.76
1961/8/21,11.02
1961/8/28,10.74
1961/9/4,10.72
1961/9/11,10.52
1961/9/18,10.57
1961/9/25,10.36
1961/10/2,10.39
1961/10/9,10.76
1961/10/16,10.84
1961/10/23,10.67
1961/10/30,10.55
1961/11/6,10.41
1961/11/13,10.5
1961/11/20,10.41
1961/11/27,10.43
1961/12/4,10.31
1961/12/11,10.33
1961/12/18,10.44
1961/12/25,10.65
1962/1/1,10.56
1962/1/8,10.42
1962/1/15,10.53
1962/1/22,10.5
1962/1/29,10.67
1962/2/5,10.36
1962/2/12,10.43
1962/2/19,10.39
1962/2/26,10.21
1962/3/5,9.99
1962/3/12,10.1
1962/3/19,10.01
1962/3/26,10.01
1962/4/2,10.25
1962/4/9,10.11
1962/4/16,10.18
1962/4/23,9.96
1962/4/30,9.69
1962/5/7,9.71
1962/5/14,9.45
1962/5/21,9.19
1962/5/28,8.81
1962/6/4,8.41
1962/6/11,8.58
1962/6/18,8.49
1962/6/25,8.36
1962/7/2,8.16
1962/7/9,7.79
1962/7/16,7.53
1962/7/23,8.03
1962/7/30,8.15
1962/8/6,8.17
1962/8/13,8.17
1962/8/20,7.98
1962/8/27,8.13
1962/9/3,7.93
1962/9/10,7.77
1962/9/17,7.93
1962/9/24,8.05
1962/10/1,8.02
1962/10/8,8.04
1962/10/15,8.35
1962/10/22,8.61
1962/10/29,9.1
1962/11/5,8.73
1962/11/12,8.54
1962/11/19,8.44
1962/11/26,8.66
1962/12/3,8.48
1962/12/10,8.57
1962/12/17,8.58
1962/12/24,8.58
1962/12/31,8.39
1963/1/7,8.5
1963/1/14,8.55
1963/1/21,9.2
1963/1/28,9
1963/2/4,9.24
1963/2/11,9.38
1963/2/18,9.07
1963/2/25,9.14
1963/3/4,9.25
1963/3/11,9.26
1963/3/18,9.24
1963/3/25,9.07
1963/4/1,9.41
1963/4/8,9.25
1963/4/15,9.2
1963/4/22,8.95
1963/4/29,8.98
1963/5/6,9.16
1963/5/13,9.26
1963/5/20,9.33
1963/5/27,9.26
1963/6/3,9.07
1963/6/10,8.98
1963/6/17,9.04
1963/6/24,9.16
1963/7/1,9.07
1963/7/8,9.29
1963/7/15,9.18
1963/7/22,8.93
1963/7/29,8.84
1963/8/5,8.77
1963/8/12,8.54
1963/8/19,8.13
1963/8/26,7.96
1963/9/2,8.19
1963/9/9,8.21
1963/9/16,8.04
1963/9/23,8.6
1963/9/30,9
1963/10/7,9.28
1963/10/14,9.67
1963/10/21,9.15
1963/10/28,9
1963/11/4,9.42
1963/11/11,9.74
1963/11/18,10.15
1963/11/25,7.65
1963/12/2,8.09
1963/12/9,7.9
1963/12/16,8.02
1963/12/23,8.03
1963/12/30,8.26
1964/1/6,8.06
1964/1/13,8.11
1964/1/20,8.1
1964/1/27,7.95
1964/2/3,7.94
1964/2/10,7.9
1964/2/17,7.95
1964/2/24,7.84
1964/3/2,7.77
1964/3/9,7.8
1964/3/16,7.72
1964/3/23,7.85
1964/3/30,7.87
1964/4/6,7.71
1964/4/13,7.61
1964/4/20,7.6
1964/4/27,7.69
1964/5/4,7.86
1964/5/11,8.01
1964/5/18,7.93
1964/5/25,8.15
1964/6/1,8.18
1964/6/8,8.24
1964/6/15,8.07
1964/6/22,8
1964/6/29,7.91
1964/7/6,7.87
1964/7/13,7.98
1964/7/20,8.27
1964/7/27,8.41
1964/8/3,8.46
1964/8/10,8.41
1964/8/17,8.58
1964/8/24,8.75
1964/8/31,8.73
1964/9/7,8.78
1964/9/14,8.91
1964/9/21,9.2
1964/9/28,9.81
1964/10/5,10.13
1964/10/12,10.34
1964/10/19,10.42
1964/10/26,11.02
1964/11/2,10.77
1964/11/9,10.94
1964/11/16,11.19
1964/11/23,11.83
1964/11/30,12.37
1964/12/7,12.07
1964/12/14,11.95
1964/12/21,11.79
1964/12/28,11.66
1965/1/4,10.93
1965/1/11,10.76
1965/1/18,11.34
1965/1/25,11.86
1965/2/1,11.75
1965/2/8,11.92
1965/2/15,11.8
1965/2/22,11.7
1965/3/1,11.82
1965/3/8,11.9
1965/3/15,12.11
1965/3/22,11.91
1965/3/29,11.64
1965/4/5,11.87
1965/4/12,11.96
1965/4/19,11.93
1965/4/26,12.01
1965/5/3,11.66
1965/5/10,11.13
1965/5/17,10.67
1965/5/24,10.33
1965/5/31,9.82
1965/6/7,10.12
1965/6/14,10.12
1965/6/21,9.41
1965/6/28,9.78
1965/7/5,10.1
1965/7/12,9.85
1965/7/19,9.84
1965/7/26,9.83
1965/8/2,9.82
1965/8/9,9.64
1965/8/16,9.53
1965/8/23,9.85
1965/8/30,10.05
1965/9/6,10.23
1965/9/13,10.49
1965/9/20,10.24
1965/9/27,12
1965/10/4,10.03
1965/10/11,10.61
1965/10/18,11.42
1965/10/25,11.55
1965/11/1,9.68
1965/11/8,9.8
1965/11/15,10.24
1965/11/22,10.62
1965/11/29,10.61
1965/12/6,10.69
1965/12/13,11.04
1965/12/20,11.02
1965/12/27,10.7
1966/1/3,10.63
1966/1/10,11.03
1966/1/17,11.86
1966/1/24,11.75
1966/1/31,11.44
1966/2/7,11.44
1966/2/14,11.68
1966/2/21,12.02
1966/2/28,11.46
1966/3/7,11.06
1966/3/14,11.17
1966/3/21,11.01
1966/3/28,11.3
1966/4/4,11.27
1966/4/11,11.24
1966/4/18,11.37
1966/4/25,11.4
1966/5/2,11.63
1966/5/9,11.41
1966/5/16,11.04
1966/5/23,11.19
1966/5/30,11.04
1966/6/6,11.16
1966/6/13,10.83
1966/6/20,10.75
1966/6/27,11.25
1966/7/4,11.44
1966/7/11,11.68
1966/7/18,12.3
1966/7/25,13.08
1966/8/1,12.52
1966/8/8,12.7
1966/8/15,13.75
1966/8/22,14.22
1966/8/29,13.78
1966/9/5,12.82
1966/9/12,12.68
1966/9/19,12.18
1966/9/26,11.62
1966/10/3,11.12
1966/10/10,10.92
1966/10/17,10.83
1966/10/24,10.8
1966/10/31,10.91
1966/11/7,10.76
1966/11/14,10.79
1966/11/21,10.79
1966/11/28,10.71
1966/12/5,10.52
1966/12/12,10.54
1966/12/19,10.7
1966/12/26,10.35
1967/1/2,10.33
1967/1/9,10.31
1967/1/16,9.8
1967/1/23,9.93
1967/1/30,10.19
1967/2/6,10.09
1967/2/13,10.09
1967/2/20,9.87
1967/2/27,10.15
1967/3/6,9.97
1967/3/13,10.18
1967/3/20,10.28
1967/3/27,10.15
1967/4/3,10.16
1967/4/10,10.25
1967/4/17,10.28
1967/4/24,10.27
1967/5/1,10.15
1967/5/8,10.02
1967/5/15,10.09
1967/5/22,10.03
1967/5/29,10.35
1967/6/5,10.16
1967/6/12,10.25
1967/6/19,9.94
1967/6/26,9.7
1967/7/3,9.54
1967/7/10,8.9
1967/7/17,8.9
1967/7/24,9.08
1967/7/31,8.84
1967/8/7,9
1967/8/14,9.48
1967/8/21,9.4
1967/8/28,9.33
1967/9/4,9.28
1967/9/11,9.07
1967/9/18,9.11
1967/9/25,9.28
1967/10/2,9
1967/10/9,8.76
1967/10/16,8.78
1967/10/23,8.7
1967/10/30,8.58
1967/11/6,8.56
1967/11/13,8.49
1967/11/20,8.53
1967/11/27,8.4
1967/12/4,8.43
1967/12/11,8.55
1967/12/18,8.53
1967/12/25,8.5
1968/1/1,8.52
1968/1/8,8.35
1968/1/15,8.34
1968/1/22,8.38
1968/1/29,8.67
1968/2/5,8.78
1968/2/12,8.75
1968/2/19,8.78
1968/2/26,8.83
1968/3/4,8.89
1968/3/11,8.94
1968/3/18,8.91
1968/3/25,8.61
1968/4/1,8.61
1968/4/8,8.51
1968/4/15,8.45
1968/4/22,8.46
1968/4/29,8.56
1968/5/6,8.63
1968/5/13,8.67
1968/5/20,8.59
1968/5/27,8.27
1968/6/3,8.39
1968/6/10,8.01
1968/6/17,7.76
1968/6/24,7.56
1968/7/1,7.48
1968/7/8,7.43
1968/7/15,7.07
1968/7/22,7.27
1968/7/29,7.35
1968/8/5,7.18
1968/8/12,7.22
1968/8/19,7.17
1968/8/26,7.39
1968/9/2,7.36
1968/9/9,7.38
1968/9/16,7.3
1968/9/23,7.51
1968/9/30,7.39
1968/10/7,7.02
1968/10/14,7
1968/10/21,7.07
1968/10/28,7.17
1968/11/4,7.25
1968/11/11,7.55
1968/11/18,7.76
1968/11/25,8.08
1968/12/2,7.86
1968/12/9,7.85
1968/12/16,8.41
1968/12/23,8.53
1968/12/30,8.41
1969/1/6,8.45
1969/1/13,8.69
1969/1/20,8.64
1969/1/27,8.42
1969/2/3,8.36
1969/2/10,8.54
1969/2/17,8.48
1969/2/24,8.75
1969/3/3,8.81
1969/3/10,8.66
1969/3/17,8.81
1969/3/24,8.34
1969/3/31,8.36
1969/4/7,8.23
1969/4/14,8.32
1969/4/21,8.42
1969/4/28,8.44
1969/5/5,8.57
1969/5/12,8.7
1969/5/19,8.61
1969/5/26,8.37
1969/6/2,7.79
1969/6/9,7.61
1969/6/16,7.52
1969/6/23,7.52
1969/6/30,7.59
1969/7/7,7.83
1969/7/14,7.86
1969/7/21,7.65
1969/7/28,7.92
1969/8/4,7.85
1969/8/11,8.24
1969/8/18,8.57
1969/8/25,8.81
1969/9/1,8.3
1969/9/8,8.37
1969/9/15,8.06
1969/9/22,9.43
1969/9/29,8.75
1969/10/6,8.95
1969/10/13,9.7
1969/10/20,10.64
1969/10/27,10.4
1969/11/3,9.34
1969/11/10,9.75
1969/11/17,10.43
1969/11/24,9.85
1969/12/1,9.04
1969/12/8,9.3
1969/12/15,9.59
1969/12/22,9.62
1969/12/29,8.87
1970/1/5,9
1970/1/12,9.17
1970/1/19,9.47
1970/1/26,9.25
1970/2/2,9.35
1970/2/9,9.8
1970/2/16,10.49
1970/2/23,11.25
1970/3/2,12.01
1970/3/9,13.1
1970/3/16,11.1
1970/3/23,12.2
1970/3/30,10.21
1970/4/6,10.51
1970/4/13,11.06
1970/4/20,12.23
1970/4/27,12.3
1970/5/4,11.39
1970/5/11,11.5
1970/5/18,10.93
1970/5/25,10.7
1970/6/1,11.13
1970/6/8,10.65
1970/6/15,10.97
1970/6/22,10.95
1970/6/29,11
1970/7/6,10.48
1970/7/13,10.5
1970/7/20,10.85
1970/7/27,11.83
1970/8/3,11.98
1970/8/10,11.9
1970/8/17,11.23
1970/8/24,11.36
1970/8/31,10.63
1970/9/7,10.7
1970/9/14,11.39
1970/9/21,11.6
1970/9/28,11.76
1970/10/5,11.93
1970/10/12,12.58
1970/10/19,13.82
1970/10/26,14.27
1970/11/2,13.77
1970/11/9,13.25
1970/11/16,13.16
1970/11/23,13.43
1970/11/30,12.65
1970/12/7,12.45
1970/12/14,12.22
1970/12/21,12.24
1970/12/28,11.71
1971/1/4,11.85
1971/1/11,11.65
1971/1/18,12.1
1971/1/25,12.5
1971/2/1,12.51
1971/2/8,12.3
1971/2/15,11.68
1971/2/22,11.76
1971/3/1,12.09
1971/3/8,11.96
1971/3/15,12
1971/3/22,12.23
1971/3/29,11.86
1971/4/5,11.68
1971/4/12,11.15
1971/4/19,10.95
1971/4/26,11.07
1971/5/3,10.69
1971/5/10,10.95
1971/5/17,11.17
1971/5/24,10.94
1971/5/31,11.65
1971/6/7,11.55
1971/6/14,12.11
1971/6/21,12.45
1971/6/28,13.79
1971/7/5,13.42
1971/7/12,13.52
1971/7/19,14.18
1971/7/26,14.9
1971/8/2,14.73
1971/8/9,15.13
1971/8/16,14.46
1971/8/23,14.7
1971/8/30,14.08
1971/9/6,13.13
1971/9/13,13.65
1971/9/20,12.69
1971/9/27,11.95
1971/10/4,12.22
1971/10/11,12.24
1971/10/18,13.06
1971/10/25,13.77
1971/11/1,12.96
1971/11/8,12.5
1971/11/15,12.83
1971/11/22,12.24
1971/11/29,12.32
1971/12/6,12.07
1971/12/13,11.54
1971/12/20,11.53
1971/12/27,11.63
1972/1/3,11.51
1972/1/10,10.99
1972/1/17,10.96
1972/1/24,10.75
1972/1/31,11.04
1972/2/7,11.31
1972/2/14,10.86
1972/2/21,11.09
1972/2/28,10.82
1972/3/6,11.19
1972/3/13,11.59
1972/3/20,11.43
1972/3/27,11.57
1972/4/3,11.99
1972/4/10,12.08
1972/4/17,12.24
1972/4/24,11.94
1972/5/1,11.65
1972/5/8,11.23
1972/5/15,11.37
1972/5/22,11.77
1972/5/29,11.28
1972/6/5,11.23
1972/6/12,11.33
1972/6/19,11.08
1972/6/26,10.38
1972/7/3,10.18
1972/7/10,10.57
1972/7/17,10.55
1972/7/24,10.36
1972/7/31,10.13
1972/8/7,9.85
1972/8/14,10.51
1972/8/21,10.04
1972/8/28,9.82
1972/9/4,9.98
1972/9/11,10.37
1972/9/18,9.9
1972/9/25,9.48
1972/10/2,9.68
1972/10/9,9.86
1972/10/16,9.33
1972/10/23,9.15
1972/10/30,10.15
1972/11/6,10.06
1972/11/13,9.8
1972/11/20,9.56
1972/11/27,9.89
1972/12/4,9.59
1972/12/11,10.1
1972/12/18,10.03
1972/12/25,9.45
1973/1/1,9.68
1973/1/8,9.41
1973/1/15,10
1973/1/22,10.77
1973/1/29,10.23
1973/2/5,10.33
1973/2/12,11.8
1973/2/19,14.15
1973/2/26,13.43
1973/3/5,12.9
1973/3/12,13.86
1973/3/19,13.62
1973/3/26,13.9
1973/4/2,13.87
1973/4/9,15.5
1973/4/16,14.25
1973/4/23,14.16
1973/4/30,14.32
1973/5/7,16.1
1973/5/14,16.61
1973/5/21,16.15
1973/5/28,16.9
1973/6/4,19
1973/6/11,18.3
1973/6/18,18.7
1973/6/25,19.7
1973/7/2,19.25
1973/7/9,19.38
1973/7/16,18.83
1973/7/23,19.7
1973/7/30,23.7
1973/8/6,27.65
1973/8/13,31.4
1973/8/20,36.4
1973/8/27,35.1
1973/9/3,26.17
1973/9/10,22.17
1973/9/17,23.5
1973/9/24,22.1
1973/10/1,23.45
1973/10/8,20.8
1973/10/15,27.35
1973/10/22,22.25
1973/10/29,17.85
1973/11/5,17.25
1973/11/12,17.35
1973/11/19,18.55
1973/11/26,19.2
1973/12/3,18.75
1973/12/10,24.7
1973/12/17,27.4
1973/12/24,24.2
1973/12/31,23.5
1974/1/7,23.85
1974/1/14,25.15
1974/1/21,25.3
1974/1/28,31.5
1974/2/4,27.95
1974/2/11,29.6
1974/2/18,31.25
1974/2/25,33.9
1974/3/4,36.25
1974/3/11,29.8
1974/3/18,28.35
1974/3/25,32.1
1974/4/1,25.6
1974/4/8,24.35
1974/4/15,24.1
1974/4/22,24.5
1974/4/29,27.75
1974/5/6,29.2
1974/5/13,26.75
1974/5/20,29.15
1974/5/27,28.7
1974/6/3,27.1
1974/6/10,28.3
1974/6/17,27.45
1974/6/24,30.65
1974/7/1,31.2
1974/7/8,33.75
1974/7/15,36.5
1974/7/22,37.9
1974/7/29,40.25
1974/8/5,45.5
1974/8/12,44.25
1974/8/19,46.8
1974/8/26,41.2
1974/9/2,35.75
1974/9/9,34.85
1974/9/16,37.1
1974/9/23,39
1974/9/30,41.75
1974/10/7,47.2
1974/10/14,44.25
1974/10/21,41
1974/10/28,41.4
1974/11/4,38.45
1974/11/11,41.13
1974/11/18,42.32
1974/11/25,37.6
1974/12/2,38.75
1974/12/9,39.2
1974/12/16,35.15
1974/12/23,37.9
1974/12/30,38.85
1975/1/6,36.35
1975/1/13,36.85
1975/1/20,33.8
1975/1/27,30.95
1975/2/3,31.85
1975/2/10,30.35
1975/2/17,30.35
1975/2/24,28.85
1975/3/3,26.55
1975/3/10,26.4
1975/3/17,27.8
1975/3/24,27.45
1975/3/31,28.85
1975/4/7,30.22
1975/4/14,27.82
1975/4/21,26.92
1975/4/28,26.75
1975/5/5,24.9
1975/5/12,23
1975/5/19,23.03
1975/5/26,23.9
1975/6/2,22.05
1975/6/9,21.75
1975/6/16,21.45
1975/6/23,21.52
1975/6/30,22.57
1975/7/7,21.72
1975/7/14,24.05
1975/7/21,25.9
1975/7/28,28.38
1975/8/4,29.87
1975/8/11,28.98
1975/8/18,29.55
1975/8/25,27.7
1975/9/1,24.98
1975/9/8,23.8
1975/9/15,22.78
1975/9/22,24.87
1975/9/29,23.35
1975/10/6,22.85
1975/10/13,22.75
1975/10/20,21.15
1975/10/27,20.05
1975/11/3,18.97
1975/11/10,18.97
1975/11/17,18.67
1975/11/24,17.77
1975/12/1,17.53
1975/12/8,17.85
1975/12/15,17.1
1975/12/22,16.2
1975/12/29,16.1
1976/1/5,15.6
1976/1/12,15.75
1976/1/19,17.1
1976/1/26,17.4
1976/2/2,15.35
1976/2/9,16
1976/2/16,17
1976/2/23,16.95
1976/3/1,16.7
1976/3/8,16.5
1976/3/15,17.32
1976/3/22,16.25
1976/3/29,16.5
1976/4/5,16.4
1976/4/12,16.42
1976/4/19,16.73
1976/4/26,16.7
1976/5/3,15.95
1976/5/10,15.95
1976/5/17,16.19
1976/5/24,15.77
1976/5/31,16.15
1976/6/7,17.35
1976/6/14,17.65
1976/6/21,18.31
1976/6/28,18.6
1976/7/5,19.65
1976/7/12,22.25
1976/7/19,22.45
1976/7/26,21
1976/8/2,18.7
1976/8/9,19.95
1976/8/16,19.85
1976/8/23,19.34
1976/8/30,21.75
1976/9/6,21.9
1976/9/13,24.55
1976/9/20,23.35
1976/9/27,21.98
1976/10/4,21.5
1976/10/11,21.25
1976/10/18,20.45
1976/10/25,20.05
1976/11/1,21.55
1976/11/8,21.87
1976/11/15,22.6
1976/11/22,21.55
1976/11/29,21.4
1976/12/6,20.91
1976/12/13,21.3
1976/12/20,21.3
1976/12/27,21
1977/1/3,21.27
1977/1/10,20.54
1977/1/17,20.47
1977/1/24,21.4
1977/1/31,22.58
1977/2/7,22.27
1977/2/14,22.8
1977/2/21,22.72
1977/2/28,22.64
1977/3/7,23.87
1977/3/14,24.98
1977/3/21,26.6
1977/3/28,28.43
1977/4/4,28.25
1977/4/11,28.65
1977/4/18,30.63
1977/4/25,29.27
1977/5/2,29.57
1977/5/9,30.72
1977/5/16,30.05
1977/5/23,31.35
1977/5/30,31.25
1977/6/6,32.27
1977/6/13,31.03
1977/6/20,27.65
1977/6/27,25.4
1977/7/4,27.75
1977/7/11,24.64
1977/7/18,21.57
1977/7/25,23.7
1977/8/1,23.03
1977/8/8,21.35
1977/8/15,21.5
1977/8/22,19.48
1977/8/29,19.5
1977/9/5,19.23
1977/9/12,19.3
1977/9/19,18.15
1977/9/26,18.15
1977/10/3,18.82
1977/10/10,19.04
1977/10/17,18.96
1977/10/24,17.52
1977/10/31,17.81
1977/11/7,18.72
1977/11/14,18.79
1977/11/21,20.23
1977/11/28,22.03
1977/12/5,21.65
1977/12/12,21.95
1977/12/19,22.85
1977/12/26,21.52
1978/1/2,22.28
1978/1/9,20.72
1978/1/16,20.93
1978/1/23,19.9
1978/1/30,20.48
1978/2/6,20.45
1978/2/13,20.61
1978/2/20,20.65
1978/2/27,21.68
1978/3/6,22.35
1978/3/13,25.12
1978/3/20,26.43
1978/3/27,27
1978/4/3,27.95
1978/4/10,24.8
1978/4/17,25.93
1978/4/24,27.32
1978/5/1,26.47
1978/5/8,27.65
1978/5/15,27.38
1978/5/22,28
1978/5/29,27.15
1978/6/5,28.97
1978/6/12,27.05
1978/6/19,25.52
1978/6/26,26.17
1978/7/3,25.58
1978/7/10,25.24
1978/7/17,25.78
1978/7/24,24.17
1978/7/31,23.37
1978/8/7,23.57
1978/8/14,23.43
1978/8/21,25.75
1978/8/28,26.1
1978/9/4,26.42
1978/9/11,25.88
1978/9/18,26.3
1978/9/25,27.45
1978/10/2,25.38
1978/10/9,25.93
1978/10/16,25.92
1978/10/23,26.6
1978/10/30,26.12
1978/11/6,26.23
1978/11/13,24.2
1978/11/20,23.92
1978/11/27,24.18
1978/12/4,24.07
1978/12/11,24.47
1978/12/18,24.32
1978/12/25,25.55
1979/1/1,25.05
1979/1/8,24.67
1979/1/15,24.89
1979/1/22,25.02
1979/1/29,25.62
1979/2/5,25.35
1979/2/12,26.57
1979/2/19,26.77
1979/2/26,28.57
1979/3/5,27.3
1979/3/12,27.42
1979/3/19,26.42
1979/3/26,27.65
1979/4/2,27.9
1979/4/9,26.74
1979/4/16,26.44
1979/4/23,26.42
1979/4/30,26.47
1979/5/7,25.99
1979/5/14,25.51
1979/5/21,25.57
1979/5/28,26.29
1979/6/4,26.06
1979/6/11,25.67
1979/6/18,26.49
1979/6/25,26.83
1979/7/2,28.7
1979/7/9,27.8
1979/7/16,28.73
1979/7/23,29.58
1979/7/30,28.35
1979/8/6,27.42
1979/8/13,26.72
1979/8/20,28.45
1979/8/27,30
1979/9/3,28.68
1979/9/10,28.57
1979/9/17,28.75
1979/9/24,29.93
1979/10/1,27.85
1979/10/8,27.64
1979/10/15,27.1
1979/10/22,26.9
1979/10/29,25.27
1979/11/5,25.84
1979/11/12,25.73
1979/11/19,26.77
1979/11/26,26.93
1979/12/3,26.35
1979/12/10,26.52
1979/12/17,25.67
1979/12/24,25.4
1979/12/31,24.87
1980/1/7,23.82
1980/1/14,23.83
1980/1/21,23
1980/1/28,23.36
1980/2/4,23.67
1980/2/11,24.41
1980/2/18,23.96
1980/2/25,22.77
1980/3/3,22.8
1980/3/10,22.63
1980/3/17,22.2
1980/3/24,22.1
1980/3/31,22.01
1980/4/7,20.52
1980/4/14,20.42
1980/4/21,20.81
1980/4/28,20.57
1980/5/5,19.81
1980/5/12,20.26
1980/5/19,20.82
1980/5/26,20.9
1980/6/2,22.3
1980/6/9,21.37
1980/6/16,21.48
1980/6/23,21.91
1980/6/30,22.62
1980/7/7,23.96
1980/7/14,25.39
1980/7/21,27.1
1980/7/28,27.16
1980/8/4,27.32
1980/8/11,27.91
1980/8/18,27.23
1980/8/25,25.69
1980/9/1,25.78
1980/9/8,26.48
1980/9/15,27.42
1980/9/22,26.85
1980/9/29,27.13
1980/10/6,25.11
1980/10/13,25.55
1980/10/20,26.13
1980/10/27,25.6
1980/11/3,26.97
1980/11/10,28.13
1980/11/17,26.87
1980/11/24,28.43
1980/12/1,28.2
1980/12/8,27.15
1980/12/15,24.49
1980/12/22,24.25
1980/12/29,24.92
1981/1/5,23.7
1981/1/12,25.17
1981/1/19,24.76
1981/1/26,23.62
1981/2/2,23.47
1981/2/9,23.83
1981/2/16,23.58
1981/2/23,24.08
1981/3/2,24.06
1981/3/9,23.14
1981/3/16,23.31
1981/3/23,23.91
1981/3/30,25.17
1981/4/6,25.16
1981/4/13,25.26
1981/4/20,24.04
1981/4/27,24.39
1981/5/4,23.95
1981/5/11,23.07
1981/5/18,22.8
1981/5/25,22.85
1981/6/1,23.42
1981/6/8,22.89
1981/6/15,22.35
1981/6/22,22.89
1981/6/29,22.42
1981/7/6,21.41
1981/7/13,22.41
1981/7/20,23.79
1981/7/27,23.65
1981/8/3,24.12
1981/8/10,22.46
1981/8/17,22.07
1981/8/24,21.32
1981/8/31,20.82
1981/9/7,20.68
1981/9/14,20.81
1981/9/21,20.85
1981/9/28,20.29
1981/10/5,20.01
1981/10/12,21.63
1981/10/19,21.83
1981/10/26,20.42
1981/11/2,20.59
1981/11/9,21.23
1981/11/16,20.33
1981/11/23,20.19
1981/11/30,19.95
1981/12/7,20.21
1981/12/14,19.57
1981/12/21,19.15
1981/12/28,18.74
1982/1/4,18.87
1982/1/11,18.59
1982/1/18,18.82
1982/1/25,18.94
1982/2/1,20.23
1982/2/8,20.19
1982/2/15,19.26
1982/2/22,18.68
1982/3/1,18.23
1982/3/8,18.57
1982/3/15,18.03
1982/3/22,18.06
1982/3/29,19.03
1982/4/5,18.76
1982/4/12,19.89
1982/4/19,19.64
1982/4/26,19.56
1982/5/3,19.67
1982/5/10,20.04
1982/5/17,20.1
1982/5/24,20.63
1982/5/31,20.62
1982/6/7,18.82
1982/6/14,19.35
1982/6/21,19.11
1982/6/28,19.34
1982/7/5,18.69
1982/7/12,18.22
1982/7/19,18.85
1982/7/26,18.62
1982/8/2,18.69
1982/8/9,18.26
1982/8/16,17.43
1982/8/23,16.96
1982/8/30,17.84
1982/9/6,17.25
1982/9/13,16.88
1982/9/20,17.18
1982/9/27,17.13
1982/10/4,16.93
1982/10/11,16.73
1982/10/18,17.18
1982/10/25,17.1
1982/11/1,16.74
1982/11/8,16.92
1982/11/15,17.23
1982/11/22,17.14
1982/11/29,17.07
1982/12/6,16.76
1982/12/13,16.78
1982/12/20,16.44
1982/12/27,16.33
1983/1/3,16.36
1983/1/10,15.99
1983/1/17,16.32
1983/1/24,16.97
1983/1/31,16.76
1983/2/7,17.61
1983/2/14,17.11
1983/2/21,17.34
1983/2/28,17.2
1983/3/7,16.56
1983/3/14,16.82
1983/3/21,16.93
1983/3/28,17.56
1983/4/4,18.1
1983/4/11,18.8
1983/4/18,18.96
1983/4/25,18.76
1983/5/2,19.37
1983/5/9,19.53
1983/5/16,19.67
1983/5/23,19.23
1983/5/30,19.16
1983/6/6,18.65
1983/6/13,19.39
1983/6/20,18.78
1983/6/27,19.18
1983/7/4,18.39
1983/7/11,19.28
1983/7/18,20.35
1983/7/25,21.1
1983/8/1,23.13
1983/8/8,25.12
1983/8/15,26.49
1983/8/22,31.09
1983/8/29,31.7
1983/9/5,33.6
1983/9/12,32.95
1983/9/19,36.15
1983/9/26,34
1983/10/3,33.55
1983/10/10,29.93
1983/10/17,30.07
1983/10/24,31.48
1983/10/31,29.27
1983/11/7,28.9
1983/11/14,29.03
1983/11/21,27.13
1983/11/28,25.64
1983/12/5,27.08
1983/12/12,25.78
1983/12/19,26.6
1983/12/26,27.71
1984/1/2,28.97
1984/1/9,28.09
1984/1/16,28.99
1984/1/23,27.53
1984/1/30,27.99
1984/2/6,27.27
1984/2/13,27.06
1984/2/20,24.76
1984/2/27,26.3
1984/3/5,27.08
1984/3/12,28.4
1984/3/19,29.22
1984/3/26,30.6
1984/4/2,29.63
1984/4/9,31.2
1984/4/16,30.75
1984/4/23,31.22
1984/4/30,32.67
1984/5/7,33.02
1984/5/14,36.32
1984/5/21,39.15
1984/5/28,38.2
1984/6/4,37.8
1984/6/11,35.3
1984/6/18,33.97
1984/6/25,34.27
1984/7/2,33.4
1984/7/9,31.3
1984/7/16,29.57
1984/7/23,30.5
1984/7/30,25.73
1984/8/6,25.98
1984/8/13,27.35
1984/8/20,28.38
1984/8/27,26.28
1984/9/3,28.03
1984/9/10,26.28
1984/9/17,27.7
1984/9/24,26.62
1984/10/1,25.28
1984/10/8,26.05
1984/10/15,27.21
1984/10/22,29.45
1984/10/29,26.87
1984/11/5,26.88
1984/11/12,28.6
1984/11/19,29.43
1984/11/26,27.9
1984/12/3,26.62
1984/12/10,27.63
1984/12/17,27.1
1984/12/24,27.93
1984/12/31,26.11
1985/1/7,25.71
1985/1/14,25.72
1985/1/21,26.04
1985/1/28,27.35
1985/2/4,27.23
1985/2/11,28.47
1985/2/18,27.04
1985/2/25,28.02
1985/3/4,28.16
1985/3/11,27.68
1985/3/18,29.82
1985/3/25,31.4
1985/4/1,30.33
1985/4/8,30.65
1985/4/15,32.45
1985/4/22,32.08
1985/4/29,32.03
1985/5/6,32.53
1985/5/13,31.4
1985/5/20,31.25
1985/5/27,32.93
1985/6/3,30.09
1985/6/10,29.92
1985/6/17,31.72
1985/6/24,30.42
1985/7/1,30.38
1985/7/8,29.46
1985/7/15,29.01
1985/7/22,28.37
1985/7/29,25.44
1985/8/5,24.78
1985/8/12,23.83
1985/8/19,22.49
1985/8/26,22.48
1985/9/2,22.79
1985/9/9,22.45
1985/9/16,21.51
1985/9/23,21.94
1985/9/30,21.25
1985/10/7,21.13
1985/10/14,20.38
1985/10/21,19.5
1985/10/28,19.35
1985/11/4,19.15
1985/11/11,19.89
1985/11/18,20.56
1985/11/25,20.07
1985/12/2,19.26
1985/12/9,19.13
1985/12/16,20.65
1985/12/23,21.93
1985/12/30,21.5
1986/1/6,21.26
1986/1/13,21.01
1986/1/20,20.05
1986/1/27,19.55
1986/2/3,19.7
1986/2/10,19.82
1986/2/17,19.13
1986/2/24,18.32
1986/3/3,17.56
1986/3/10,16.99
1986/3/17,17.22
1986/3/24,17.53
1986/3/31,18
1986/4/7,19.07
1986/4/14,17.96
1986/4/21,17.74
1986/4/28,17.22
1986/5/5,17.62
1986/5/12,17.39
1986/5/19,17.83
1986/5/26,17.5
1986/6/2,18.36
1986/6/9,17.27
1986/6/16,16.86
1986/6/23,16.79
1986/6/30,16.66
1986/7/7,16.11
1986/7/14,16.55
1986/7/21,16.2
1986/7/28,16.35
1986/8/4,16.37
1986/8/11,15.49
1986/8/18,14.74
1986/8/25,14.04
1986/9/1,14.07
1986/9/8,13.07
1986/9/15,13.54
1986/9/22,13.53
1986/9/29,14.43
1986/10/6,14.27
1986/10/13,13.34
1986/10/20,13.87
1986/10/27,14.55
1986/11/3,15.96
1986/11/10,15.39
1986/11/17,15.29
1986/11/24,14.77
1986/12/1,14.86
1986/12/8,15.39
1986/12/15,14.87
1986/12/22,15.21
1986/12/29,15.34
1987/1/5,15.18
1987/1/12,15.23
1987/1/19,15.67
1987/1/26,16.02
1987/2/2,16.94
1987/2/9,16.46
1987/2/16,15.82
1987/2/23,15.67
1987/3/2,15.74
1987/3/9,15.57
1987/3/16,15.78
1987/3/23,15.47
1987/3/30,15.41
1987/4/6,15.59
1987/4/13,15.61
1987/4/20,15.85
1987/4/27,15.85
1987/5/4,15.52
1987/5/11,16.26
1987/5/18,16.87
1987/5/25,16.56
1987/6/1,16.32
1987/6/8,16.7
1987/6/15,16.6
1987/6/22,17.11
1987/6/29,16.3
1987/7/6,16.49
1987/7/13,16.87
1987/7/20,16.17
1987/7/27,15.72
1987/8/3,16.12
1987/8/10,15.95
1987/8/17,15.69
1987/8/24,15.59
1987/8/31,16.18
1987/9/7,15.69
1987/9/14,15.73
1987/9/21,15.8
1987/9/28,16.26
1987/10/5,16.76
1987/10/12,16.82
1987/10/19,17.42
1987/10/26,17.17
1987/11/2,17.43
1987/11/9,17.14
1987/11/16,17.54
1987/11/23,17.7
1987/11/30,18.03
1987/12/7,18.85
1987/12/14,18.89
1987/12/21,19.26
1987/12/28,20.14
1988/1/4,20.35
1988/1/11,21.33
1988/1/18,21.79
1988/1/25,22.7
1988/2/1,22
1988/2/8,20.63
1988/2/15,21.33
1988/2/22,21.14
1988/2/29,21.05
1988/3/7,20.98
1988/3/14,20.23
1988/3/21,20.04
1988/3/28,20.46
1988/4/4,21.14
1988/4/11,21.82
1988/4/18,22.38
1988/4/25,21.91
1988/5/2,22.59
1988/5/9,22.86
1988/5/16,23.5
1988/5/23,24.02
1988/5/30,24.99
1988/6/6,25.44
1988/6/13,25.96
1988/6/20,25.68
1988/6/27,29.91
1988/7/4,31.27
1988/7/11,31.52
1988/7/18,29.95
1988/7/25,30
1988/8/1,25.22
1988/8/8,27.27
1988/8/15,27.72
1988/8/22,26.75
1988/8/29,25.01
1988/9/5,26.27
1988/9/12,27
1988/9/19,26.2
1988/9/26,24.9
1988/10/3,24.08
1988/10/10,24.35
1988/10/17,23.67
1988/10/24,24.02
1988/10/31,23.13
1988/11/7,23.34
1988/11/14,22.93
1988/11/21,22.19
1988/11/28,21.71
1988/12/5,21.22
1988/12/12,22.83
1988/12/19,22.95
1988/12/26,23.2
1989/1/2,23.72
1989/1/9,22.38
1989/1/16,22.79
1989/1/23,21.44
1989/1/30,21.5
1989/2/6,21.93
1989/2/13,21.67
1989/2/20,21.91
1989/2/27,22.57
1989/3/6,23.2
1989/3/13,22.8
1989/3/20,23.23
1989/3/27,23.25
1989/4/3,22.85
1989/4/10,22.05
1989/4/17,22.27
1989/4/24,23.26
1989/5/1,22.88
1989/5/8,23.26
1989/5/15,23.69
1989/5/22,22.17
1989/5/29,21.9
1989/6/5,21.5
1989/6/12,21.42
1989/6/19,20.22
1989/6/26,20.97
1989/7/3,20.47
1989/7/10,21.89
1989/7/17,19.91
1989/7/24,19.35
1989/7/31,18.92
1989/8/7,17.93
1989/8/14,17.98
1989/8/21,18
1989/8/28,18.23
1989/9/4,18.3
1989/9/11,18.41
1989/9/18,18.75
1989/9/25,18.7
1989/10/2,18.99
1989/10/9,19.06
1989/10/16,18.28
1989/10/23,18.26
1989/10/30,18.93
1989/11/6,19.15
1989/11/13,19.29
1989/11/20,20.05
1989/11/27,19.33
1989/12/4,18.77
1989/12/11,18.63
1989/12/18,18.89
1989/12/25,19.12
1990/1/1,19.03
1990/1/8,18.43
1990/1/15,19.25
1990/1/22,18.98
1990/1/29,19.11
1990/2/5,19.1
1990/2/12,19.09
1990/2/19,19.66
1990/2/26,19.91
1990/3/5,20.66
1990/3/12,21.87
1990/3/19,21.91
1990/3/26,22.58
1990/4/2,22.16
1990/4/9,21.87
1990/4/16,21.66
1990/4/23,23
1990/4/30,23.15
1990/5/7,22.87
1990/5/14,24.03
1990/5/21,24.27
1990/5/28,23.36
1990/6/4,23.27
1990/6/11,23.28
1990/6/18,24.74
1990/6/25,24.26
1990/7/2,24.06
1990/7/9,25.62
1990/7/16,24.21
1990/7/23,24.15
1990/7/30,23.1
1990/8/6,24.55
1990/8/13,24.23
1990/8/20,24.59
1990/8/27,24.24
1990/9/3,24.27
1990/9/10,24.13
1990/9/17,24.31
1990/9/24,23.84
1990/10/1,23.59
1990/10/8,22.52
1990/10/15,22.5
1990/10/22,21.88
1990/10/29,22.33
1990/11/5,21.83
1990/11/12,21.1
1990/11/19,20.21
1990/11/26,19.85
1990/12/3,20.84
1990/12/10,21.57
1990/12/17,21.48
1990/12/24,21
1990/12/31,20.94
1991/1/7,20.44
1991/1/14,20.05
1991/1/21,21.12
1991/1/28,21.85
1991/2/4,21.93
1991/2/11,22
1991/2/18,21.12
1991/2/25,21.18
1991/3/4,21.28
1991/3/11,22.83
1991/3/18,22.12
1991/3/25,21.76
1991/4/1,20.87
1991/4/8,21.58
1991/4/15,21.63
1991/4/22,21.46
1991/4/29,21.34
1991/5/6,20.39
1991/5/13,20.49
1991/5/20,19.72
1991/5/27,19.71
1991/6/3,20.15
1991/6/10,20.27
1991/6/17,19.97
1991/6/24,19.51
1991/7/1,19.37
1991/7/8,18.78
1991/7/15,18.33
1991/7/22,18.85
1991/7/29,19.33
1991/8/5,20.78
1991/8/12,20.92
1991/8/19,19.55
1991/8/26,19.17
1991/9/2,19.96
1991/9/9,20.07
1991/9/16,20.22
1991/9/23,20.86
1991/9/30,20.83
1991/10/7,19.92
1991/10/14,19.82
1991/10/21,19.49
1991/10/28,19.51
1991/11/4,19.53
1991/11/11,19.36
1991/11/18,18.73
1991/11/25,18.99
1991/12/2,19.04
1991/12/9,19.26
1991/12/16,19.04
1991/12/23,19.17
1991/12/30,19.25
1992/1/6,18.5
1992/1/13,18.68
1992/1/20,18.79
1992/1/27,19.45
1992/2/3,19.46
1992/2/10,19
1992/2/17,18.72
1992/2/24,19.24
1992/3/2,19.71
1992/3/9,19.74
1992/3/16,20.73
1992/3/23,20.34
1992/3/30,19.83
1992/4/6,19.83
1992/4/13,19.48
1992/4/20,19.52
1992/4/27,19.85
1992/5/4,19.24
1992/5/11,20.22
1992/5/18,20.56
1992/5/25,20.7
1992/6/1,20.79
1992/6/8,22.09
1992/6/15,22.07
1992/6/22,20.42
1992/6/29,20.71
1992/7/6,20.59
1992/7/13,19.79
1992/7/20,19.38
1992/7/27,18.96
1992/8/3,18.92
1992/8/10,18.54
1992/8/17,18.25
1992/8/24,18.47
1992/8/31,18.87
1992/9/7,18.07
1992/9/14,19.05
1992/9/21,19.6
1992/9/28,18.62
1992/10/5,18.71
1992/10/12,18.12
1992/10/19,18.81
1992/10/26,19.29
1992/11/2,19.03
1992/11/9,19.64
1992/11/16,19.69
1992/11/23,20.43
1992/11/30,20.76
1992/12/7,20.34
1992/12/14,20.05
1992/12/21,20.72
1992/12/28,20.73
1993/1/4,20.34
1993/1/11,20.57
1993/1/18,21.57
1993/1/25,21.6
1993/2/1,21.08
1993/2/8,20.92
1993/2/15,20.66
1993/2/22,20.96
1993/3/1,20.74
1993/3/8,21.11
1993/3/15,20.94
1993/3/22,20.75
1993/3/29,21.27
1993/4/5,20.7
1993/4/12,21.29
1993/4/19,21.39
1993/4/26,21.1
1993/5/3,21.17
1993/5/10,20.81
1993/5/17,21.28
1993/5/24,21.27
1993/5/31,21.49
1993/6/7,21.02
1993/6/14,20.8
1993/6/21,20.19
1993/6/28,22.03
1993/7/5,22.61
1993/7/12,25.05
1993/7/19,24.38
1993/7/26,24.6
1993/8/2,23.64
1993/8/9,24.34
1993/8/16,23.65
1993/8/23,23.13
1993/8/30,23.52
1993/9/6,23.6
1993/9/13,23.1
1993/9/20,22.88
1993/9/27,23.36
1993/10/4,24.06
1993/10/11,22.61
1993/10/18,22.5
1993/10/25,22.87
1993/11/1,23.1
1993/11/8,23.34
1993/11/15,23.61
1993/11/22,25.59
1993/11/29,26.36
1993/12/6,26.14
1993/12/13,27.17
1993/12/20,27.83
1993/12/27,29.11
1994/1/3,29.13
1994/1/10,29.24
1994/1/17,28.94
1994/1/24,30.43
1994/1/31,29.76
1994/2/7,28.97
1994/2/14,27.83
1994/2/21,28.02
1994/2/28,28.54
1994/3/7,28.99
1994/3/14,28.03
1994/3/21,28.53
1994/3/28,29.19
1994/4/4,28.78
1994/4/11,27.48
1994/4/18,27.78
1994/4/25,28.01
1994/5/2,28.51
1994/5/9,28.4
1994/5/16,28.48
1994/5/23,29.63
1994/5/30,29.23
1994/6/6,28.36
1994/6/13,27.19
1994/6/20,27.49
1994/6/27,27.54
1994/7/4,27.07
1994/7/11,24.51
1994/7/18,24.4
1994/7/25,24.43
1994/8/1,24.48
1994/8/8,23.9
1994/8/15,24.36
1994/8/22,24.17
1994/8/29,24.5
1994/9/5,24.75
1994/9/12,25.89
1994/9/19,26.78
1994/9/26,25.85
1994/10/3,25.77
1994/10/10,24.33
1994/10/17,25.33
1994/10/24,26.76
1994/10/31,25.81
1994/11/7,25.74
1994/11/14,27.63
1994/11/21,28.28
1994/11/28,28.21
1994/12/5,29.22
1994/12/12,29.06
1994/12/19,28.81
1994/12/26,29.27
1995/1/2,29.39
1995/1/9,29.28
1995/1/16,28.11
1995/1/23,28.31
1995/1/30,26.47
1995/2/6,26.7
1995/2/13,26.62
1995/2/20,27.62
1995/2/27,27.4
1995/3/6,27.45
1995/3/13,28.98
1995/3/20,28.46
1995/3/27,28.12
1995/4/3,26.29
1995/4/10,25.51
1995/4/17,26.43
1995/4/24,25.21
1995/5/1,25.63
1995/5/8,26.59
1995/5/15,25.28
1995/5/22,24.85
1995/5/29,25.92
1995/6/5,26.1
1995/6/12,26.42
1995/6/19,25.77
1995/6/26,27.81
1995/7/3,26.8
1995/7/10,27.36
1995/7/17,27.66
1995/7/24,27.98
1995/7/31,27.44
1995/8/7,26.5
1995/8/14,26.42
1995/8/21,26.3
1995/8/28,26.55
1995/9/4,26.18
1995/9/11,25.95
1995/9/18,26.13
1995/9/25,26.69
1995/10/2,26.36
1995/10/9,26.57
1995/10/16,27.1
1995/10/23,26.4
1995/10/30,26.59
1995/11/6,26.61
1995/11/13,26.47
1995/11/20,25.37
1995/11/27,25.14
1995/12/4,24.77
1995/12/11,25.35
1995/12/18,24.78
1995/12/25,25.45
1996/1/1,25.27
1996/1/8,25.05
1996/1/15,24.24
1996/1/22,23.75
1996/1/29,23.98
1996/2/5,24.25
1996/2/12,24.12
1996/2/19,24.44
1996/2/26,24.45
1996/3/4,24.24
1996/3/11,23.45
1996/3/18,23.68
1996/3/25,24.12
1996/4/1,25.15
1996/4/8,25.58
1996/4/15,26.13
1996/4/22,25.88
1996/4/29,26.62
1996/5/6,26.97
1996/5/13,27.7
1996/5/20,27.15
1996/5/27,26.4
1996/6/3,27.18
1996/6/10,25.68
1996/6/17,26.31
1996/6/24,25.99
1996/7/1,25.27
1996/7/8,25.16
1996/7/15,24.83
1996/7/22,25.97
1996/7/29,24.82
1996/8/5,24.08
1996/8/12,24.67
1996/8/19,25.38
1996/8/26,25.1
1996/9/2,25.55
1996/9/9,25.38
1996/9/16,25.68
1996/9/23,25.31
1996/9/30,24.94
1996/10/7,23.95
1996/10/14,23.41
1996/10/21,22.75
1996/10/28,22.75
1996/11/4,23.1
1996/11/11,22.82
1996/11/18,23.04
1996/11/25,23.16
1996/12/2,23.31
1996/12/9,22.56
1996/12/16,22.95
1996/12/23,23.16
1996/12/30,23.04
1997/1/6,22.71
1997/1/13,23.15
1997/1/20,24.55
1997/1/27,23.83
1997/2/3,24.16
1997/2/10,23.86
1997/2/17,23.93
1997/2/24,23.93
1997/3/3,24.03
1997/3/10,24.82
1997/3/17,25.78
1997/3/24,24.35
1997/3/31,24.15
1997/4/7,24.16
1997/4/14,24
1997/4/21,24.18
1997/4/28,24.66
1997/5/5,24.79
1997/5/12,24.85
1997/5/19,24
1997/5/26,23.51
1997/6/2,23.29
1997/6/9,23.85
1997/6/16,22.95
1997/6/23,23.24
1997/6/30,22.73
1997/7/7,21.42
1997/7/14,22.15
1997/7/21,22.69
1997/7/28,21.68
1997/8/4,22.27
1997/8/11,21.68
1997/8/18,22.09
1997/8/25,22.15
1997/9/1,22.45
1997/9/8,22.87
1997/9/15,22.34
1997/9/22,23.58
1997/9/29,23.44
1997/10/6,23.6
1997/10/13,24.04
1997/10/20,24.2
1997/10/27,24.6
1997/11/3,25.63
1997/11/10,25.42
1997/11/17,26.09
1997/11/24,25.96
1997/12/1,24.97
1997/12/8,25.17
1997/12/15,24.85
1997/12/22,24.53
1997/12/29,24.64
1998/1/5,25.09
1998/1/12,24.26
1998/1/19,24.52
1998/1/26,25.25
1998/2/2,25.79
1998/2/9,25.62
1998/2/16,26.63
1998/2/23,26.21
1998/3/2,26.44
1998/3/9,26.42
1998/3/16,26.84
1998/3/23,27.2
1998/3/30,27.46
1998/4/6,27.33
1998/4/13,26.95
1998/4/20,27.84
1998/4/27,28.86
1998/5/4,28.27
1998/5/11,28.63
1998/5/18,29.09
1998/5/25,27.63
1998/6/1,26.71
1998/6/8,25.93
1998/6/15,25.77
1998/6/22,25.32
1998/6/29,25.78
1998/7/6,25.26
1998/7/13,25.89
1998/7/20,24.92
1998/7/27,24.08
1998/8/3,24.2
1998/8/10,23.79
1998/8/17,23.17
1998/8/24,24.15
1998/8/31,24.09
1998/9/7,23.37
1998/9/14,24.37
1998/9/21,25.11
1998/9/28,25.5
1998/10/5,24.12
1998/10/12,24.35
1998/10/19,24.32
1998/10/26,25.15
1998/11/2,24.54
1998/11/9,24.34
1998/11/16,24.77
1998/11/23,24.7
1998/11/30,24.63
1998/12/7,25.12
1998/12/14,24.17
1998/12/21,23.86
1998/12/28,23.14
1999/1/4,22.98
1999/1/11,23.43
1999/1/18,23.03
1999/1/25,23.05
1999/2/1,22.2
1999/2/8,21.31
1999/2/15,21.05
1999/2/22,20.42
1999/3/1,19.21
1999/3/8,18.25
1999/3/15,18.55
1999/3/22,18.65
1999/3/29,19.43
1999/4/5,19.71
1999/4/12,18.04
1999/4/19,18.91
1999/4/26,20.08
1999/5/3,19.51
1999/5/10,19.47
1999/5/17,18.38
1999/5/24,18.06
1999/5/31,17.53
1999/6/7,17.5
1999/6/14,17.18
1999/6/21,16.85
1999/6/28,16.93
1999/7/5,16.37
1999/7/12,15.36
1999/7/19,15.12
1999/7/26,15.74
1999/8/2,15.08
1999/8/9,16.35
1999/8/16,17.2
1999/8/23,16.96
1999/8/30,16.8
1999/9/6,17.06
1999/9/13,17.47
1999/9/20,17.65
1999/9/27,16.78
1999/10/4,16.67
1999/10/11,16.52
1999/10/18,16.68
1999/10/25,16.42
1999/11/1,16.13
1999/11/8,16.11
1999/11/15,16.13
1999/11/22,16.04
1999/11/29,16.26
1999/12/6,16.9
1999/12/13,16.3
1999/12/20,15.59
1999/12/27,15.65
2000/1/3,15.77
2000/1/10,15.57
2000/1/17,15.57
2000/1/24,16.53
2000/1/31,16.48
2000/2/7,16.48
2000/2/14,15.76
2000/2/21,15.47
2000/2/28,15.82
2000/3/6,15.53
2000/3/13,16.04
2000/3/20,16.57
2000/3/27,17.27
2000/4/3,17.5
2000/4/10,18.39
2000/4/17,17.73
2000/4/24,18.33
2000/5/1,18.29
2000/5/8,18.15
2000/5/15,17.64
2000/5/22,17
2000/5/29,17.24
2000/6/5,15.86
2000/6/12,16.44
2000/6/19,16.11
2000/6/26,16.61
2000/7/3,15.98
2000/7/10,15.53
2000/7/17,15.65
2000/7/24,15.34
2000/7/31,15.35
2000/8/7,15.39
2000/8/14,15.21
2000/8/21,15.43
2000/8/28,15.16
2000/9/4,15.14
2000/9/11,15.94
2000/9/18,15.75
2000/9/25,15.19
2000/10/2,15.24
2000/10/9,15.3
2000/10/16,15.18
2000/10/23,14.89
2000/10/30,14.82
2000/11/6,14.62
2000/11/13,15.2
2000/11/20,15.13
2000/11/27,15.13
2000/12/4,14.49
2000/12/11,14.78
2000/12/18,14.72
2000/12/25,15.21
2001/1/1,14.79
2001/1/8,14.53
2001/1/15,14.7
2001/1/22,14.59
2001/1/29,14.65
2001/2/5,14.58
2001/2/12,14.96
2001/2/19,14.41
2001/2/26,14.64
2001/3/5,14.93
2001/3/12,15.72
2001/3/19,16.15
2001/3/26,16.15
2001/4/2,16.16
2001/4/9,15.69
2001/4/16,15.17
2001/4/23,15.09
2001/4/30,14.75
2001/5/7,14.92
2001/5/14,14.84
2001/5/21,14.65
2001/5/28,14.65
2001/6/4,14.74
2001/6/11,14.92
2001/6/18,15.52
2001/6/25,15
2001/7/2,15.08
2001/7/9,15.73
2001/7/16,16.5
2001/7/23,18.69
2001/7/30,17.48
2001/8/6,18.92
2001/8/13,18.64
2001/8/20,18.87
2001/8/27,17.77
2001/9/3,17.21
2001/9/10,16.6
2001/9/17,16.2
2001/9/24,16.26
2001/10/1,16.36
2001/10/8,15.25
2001/10/15,15.27
2001/10/22,14.91
2001/10/29,14.98
2001/11/5,15.69
2001/11/12,15.84
2001/11/19,16.19
2001/11/26,15.94
2001/12/3,16.09
2001/12/10,16.57
2001/12/17,15.88
2001/12/24,15.5
2001/12/31,15.38
2002/1/7,15.18
2002/1/14,16.29
2002/1/21,15.58
2002/1/28,15.55
2002/2/4,15.27
2002/2/11,15.67
2002/2/18,15.48
2002/2/25,15.77
2002/3/4,15.53
2002/3/11,16.02
2002/3/18,16.35
2002/3/25,16.41
2002/4/1,15.95
2002/4/8,16.49
2002/4/15,16.4
2002/4/22,16.52
2002/4/29,16.86
2002/5/6,16.08
2002/5/13,16.25
2002/5/20,16.59
2002/5/27,17.44
2002/6/3,18.26
2002/6/10,18.6
2002/6/17,18.04
2002/6/24,17.86
2002/7/1,17.93
2002/7/8,17.96
2002/7/15,18.73
2002/7/22,19.78
2002/7/29,19.49
2002/8/5,19.7
2002/8/12,19.92
2002/8/19,20.57
2002/8/26,20.55
2002/9/2,20.77
2002/9/9,20.44
2002/9/16,20.4
2002/9/23,20.05
2002/9/30,19.75
2002/10/7,19.65
2002/10/14,19.4
2002/10/21,19.96
2002/10/28,20.28
2002/11/4,21.81
2002/11/11,22.06
2002/11/18,22.28
2002/11/25,22.42
2002/12/2,22.22
2002/12/9,21.62
2002/12/16,21.8
2002/12/23,21.52
2002/12/30,21.82
2003/1/6,21.24
2003/1/13,20.92
2003/1/20,20.23
2003/1/27,20.22
2003/2/3,20.62
2003/2/10,20.96
2003/2/17,20.21
2003/2/24,20.55
2003/3/3,20.39
2003/3/10,20.51
2003/3/17,20.8
2003/3/24,21.03
2003/3/31,21.27
2003/4/7,21.27
2003/4/14,22.43
2003/4/21,21.97
2003/4/28,21.45
2003/5/5,21.75
2003/5/12,21.75
2003/5/19,22.87
2003/5/26,22.94
2003/6/2,22.16
2003/6/9,21.69
2003/6/16,22.27
2003/6/23,22.19
2003/6/30,22.31
2003/7/7,22.53
2003/7/14,22.1
2003/7/21,21.12
2003/7/28,20.45
2003/8/4,19.89
2003/8/11,19.39
2003/8/18,19.64
2003/8/25,19.87
2003/9/1,19.84
2003/9/8,20.61
2003/9/15,20.59
2003/9/22,22.33
2003/9/29,23.88
2003/10/6,24.71
2003/10/13,25.36
2003/10/20,27.16
2003/10/27,26.01
2003/11/3,26.75
2003/11/10,25.34
2003/11/17,26
2003/11/24,27.07
2003/12/1,26.79
2003/12/8,28.1
2003/12/15,28.89
2003/12/22,28.16
2003/12/29,27.41
2004/1/5,27.54
2004/1/12,28.6
2004/1/19,30.3
2004/1/26,29.23
2004/2/2,29.52
2004/2/9,29.86
2004/2/16,31.7
2004/2/23,31.9
2004/3/1,34.1
2004/3/8,33.35
2004/3/15,33.7
2004/3/22,33.57
2004/3/29,34.8
2004/4/5,33.11
2004/4/12,32.41
2004/4/19,31.49
2004/4/26,32.28
2004/5/3,34.26
2004/5/10,34.21
2004/5/17,33.1
2004/5/24,28.96
2004/5/31,28.74
2004/6/7,29.51
2004/6/14,28.42
2004/6/21,27.34
2004/6/28,28.27
2004/7/5,28.75
2004/7/12,29.05
2004/7/19,26.9
2004/7/26,26.09
2004/8/2,24.24
2004/8/9,21.72
2004/8/16,22.75
2004/8/23,23.26
2004/8/30,24.92
2004/9/6,26.1
2004/9/13,24.95
2004/9/20,23.2
2004/9/27,21.87
2004/10/4,20.85
2004/10/11,21.05
2004/10/18,19.8
2004/10/25,20.67
2004/11/1,21.79
2004/11/8,20.99
2004/11/15,20.45
2004/11/22,21.25
2004/11/29,21.67
2004/12/6,20.62
2004/12/13,19.92
2004/12/20,20.18
2004/12/27,20.86
2005/1/3,21.17
2005/1/10,19.86
2005/1/17,19.82
2005/1/24,19.44
2005/1/31,19.71
2005/2/7,19.04
2005/2/14,19.17
2005/2/21,19.62
2005/2/28,21.75
2005/3/7,22.7
2005/3/14,23.42
2005/3/21,24.23
2005/3/28,22.58
2005/4/4,22.87
2005/4/11,22.82
2005/4/18,22.56
2005/4/25,22.83
2005/5/2,22.64
2005/5/9,22.5
2005/5/16,23.22
2005/5/23,22.02
2005/5/30,22.87
2005/6/6,23.15
2005/6/13,23.06
2005/6/20,23.25
2005/6/27,25.44
2005/7/4,24.17
2005/7/11,25.3
2005/7/18,25.01
2005/7/25,24.46
2005/8/1,24.43
2005/8/8,25.02
2005/8/15,22.8
2005/8/22,22.29
2005/8/29,22.56
2005/9/5,22.86
2005/9/12,22.85
2005/9/19,21.97
2005/9/26,22.45
2005/10/3,22.09
2005/10/10,23.8
2005/10/17,23.4
2005/10/24,24.44
2005/10/31,23.78
2005/11/7,23.02
2005/11/14,22.81
2005/11/21,22.34
2005/11/28,21.98
2005/12/5,20.95
2005/12/12,21.05
2005/12/19,20.9
2005/12/26,21.31
2006/1/2,20.98
2006/1/9,22.96
2006/1/16,22.08
2006/1/23,21.22
2006/1/30,21.52
2006/2/6,22.35
2006/2/13,22.28
2006/2/20,22.04
2006/2/27,23.05
2006/3/6,23.59
2006/3/13,23.95
2006/3/20,23.31
2006/3/27,22.83
2006/4/3,22.91
2006/4/10,22.44
2006/4/17,22.96
2006/4/24,23.25
2006/5/1,24.78
2006/5/8,25.32
2006/5/15,24.7
2006/5/22,25.71
2006/5/29,25.43
2006/6/5,25.4
2006/6/12,25.03
2006/6/19,24.97
2006/6/26,24.28
2006/7/3,25.14
2006/7/10,26.32
2006/7/17,27.32
2006/7/24,26.35
2006/7/31,26.28
2006/8/7,26.53
2006/8/14,26.04
2006/8/21,25.38
2006/8/28,25.48
2006/9/4,24.43
2006/9/11,24.54
2006/9/18,24.21
2006/9/25,24.23
2006/10/2,23.76
2006/10/9,23.28
2006/10/16,24.26
2006/10/23,25.68
2006/10/30,26.64
2006/11/6,26.83
2006/11/13,27.67
2006/11/20,28.66
2006/11/27,28.88
2006/12/4,28.76
2006/12/11,28.92
2006/12/18,28.37
2006/12/25,28
2007/1/1,28.86
2007/1/8,28.65
2007/1/15,27.85
2007/1/22,28.79
2007/1/29,29.93
2007/2/5,29.46
2007/2/12,30.37
2007/2/19,30.01
2007/2/26,29.69
2007/3/5,30.14
2007/3/12,29.45
2007/3/19,30.15
2007/3/26,31.24
2007/4/2,31.81
2007/4/9,32.37
2007/4/16,32.46
2007/4/23,31.87
2007/4/30,31.84
2007/5/7,33.39
2007/5/14,32.62
2007/5/21,34.6
2007/5/28,34.83
2007/6/4,35.18
2007/6/11,36.27
2007/6/18,35.27
2007/6/25,35.32
2007/7/2,34.98
2007/7/9,36.36
2007/7/16,37.68
2007/7/23,36.92
2007/7/30,36.79
2007/8/6,37.76
2007/8/13,36.72
2007/8/20,35.95
2007/8/27,34.92
2007/9/3,36.05
2007/9/10,37.19
2007/9/17,37.88
2007/9/24,39.48
2007/10/1,38.64
2007/10/8,38.03
2007/10/15,38.45
2007/10/22,40.23
2007/10/29,40.42
2007/11/5,41.68
2007/11/12,43.62
2007/11/19,44.23
2007/11/26,45.72
2007/12/3,46.3
2007/12/10,45.5
2007/12/17,45.58
2007/12/24,46.21
2007/12/31,49.06
2008/1/7,49.96
2008/1/14,50.51
2008/1/21,53.31
2008/1/28,51.68
2008/2/4,53.42
2008/2/11,55.4
2008/2/18,55.66
2008/2/25,60.21
2008/3/3,64.27
2008/3/10,67.2
2008/3/17,62.6
2008/3/24,58.4
2008/3/31,57.77
2008/4/7,52.15
2008/4/14,55.84
2008/4/21,62.52
2008/4/28,60.97
2008/5/5,57.09
2008/5/12,57.32
2008/5/19,61.65
2008/5/26,61.03
2008/6/2,62.2
2008/6/9,61.04
2008/6/16,62.65
2008/6/23,65.8
2008/6/30,63.1
2008/7/7,66.71
2008/7/14,63.38
2008/7/21,63.03
2008/7/28,60.13
2008/8/4,57.83
2008/8/11,52.98
2008/8/18,49.83
2008/8/25,52.38
2008/9/1,53.92
2008/9/8,52.03
2008/9/15,48.18
2008/9/22,43.6
2008/9/29,47.74
2008/10/6,44
2008/10/13,39.41
2008/10/20,38.4
2008/10/27,35.8
2008/11/3,31.88
2008/11/10,35.97
2008/11/17,33.73
2008/11/24,32.28
2008/12/1,32.24
2008/12/8,30.42
2008/12/15,29.54
2008/12/22,31.35
2008/12/29,31.21
2009/1/5,32.11
2009/1/12,37.05
2009/1/19,34.6
2009/1/26,33.81
2009/2/2,32.77
2009/2/9,31.53
2009/2/16,33.64
2009/2/23,31.15
2009/3/2,30.51
2009/3/9,30.19
2009/3/16,30.72
2009/3/23,31.31
2009/3/30,33.27
2009/4/6,33.62
2009/4/13,34.84
2009/4/20,36.95
2009/4/27,36.13
2009/5/4,34.9
2009/5/11,37.69
2009/5/18,39.39
2009/5/25,38.17
2009/6/1,37.75
2009/6/8,40.5
2009/6/15,39.45
2009/6/22,36.96
2009/6/29,36.93
2009/7/6,35.02
2009/7/13,32.9
2009/7/20,33.65
2009/7/27,34.77
2009/8/3,33.82
2009/8/10,37.45
2009/8/17,38.02
2009/8/24,35.94
2009/8/31,36.54
2009/9/7,34.53
2009/9/14,34.23
2009/9/21,34.43
2009/9/28,34.51
2009/10/5,33.47
2009/10/12,33.94
2009/10/19,35.86
2009/10/26,37.47
2009/11/2,37.48
2009/11/9,37.53
2009/11/16,37.56
2009/11/23,39.81
2009/11/30,39.7
2009/12/7,40.58
2009/12/14,40.11
2009/12/21,39.64
2009/12/28,38.05
2010/1/4,39.43
2010/1/11,40.71
2010/1/18,38.26
2010/1/25,37.15
2010/2/1,36.77
2010/2/8,37.47
2010/2/15,38.38
2010/2/22,38.95
2010/3/1,38.31
2010/3/8,39.81
2010/3/15,39.97
2010/3/22,39.37
2010/3/29,39.54
2010/4/5,38.67
2010/4/12,39.77
2010/4/19,39.74
2010/4/26,39.07
2010/5/3,39.12
2010/5/10,38.36
2010/5/17,38.03
2010/5/24,37.19
2010/5/31,37.17
2010/6/7,37.52
2010/6/14,36.67
2010/6/21,37.81
2010/6/28,37.93
2010/7/5,35.93
2010/7/12,35.84
2010/7/19,37.92
2010/7/26,38.4
2010/8/2,38.56
2010/8/9,40.95
2010/8/16,41.46
2010/8/23,41.59
2010/8/30,39.48
2010/9/6,39.48
2010/9/13,41.26
2010/9/20,41.2
2010/9/27,42.42
2010/10/4,44.56
2010/10/11,43.47
2010/10/18,46.54
2010/10/25,47.1
2010/11/1,49.53
2010/11/8,49.63
2010/11/15,53.4
2010/11/22,49.97
2010/11/29,49.38
2010/12/6,50.84
2010/12/13,52.94
2010/12/20,54.85
2010/12/27,55.58
2011/1/3,56.68
2011/1/10,56.23
2011/1/17,56.68
2011/1/24,57.91
2011/1/31,55.62
2011/2/7,59
2011/2/14,58.85
2011/2/21,56.56
2011/2/28,54.25
2011/3/7,57.55
2011/3/14,57.93
2011/3/21,53.29
2011/3/28,55.88
2011/4/4,57.01
2011/4/11,59.17
2011/4/18,57.49
2011/4/25,57.88
2011/5/2,57.92
2011/5/9,57.32
2011/5/16,56.5
2011/5/23,56.43
2011/5/30,57.61
2011/6/6,58.7
2011/6/13,57.84
2011/6/20,56.98
2011/6/27,56.59
2011/7/4,55.63
2011/7/11,55.2
2011/7/18,56.36
2011/7/25,57
2011/8/1,56.55
2011/8/8,56.75
2011/8/15,53.15
2011/8/22,55
2011/8/29,55.66
2011/9/5,58.32
2011/9/12,57.23
2011/9/19,56.71
2011/9/26,55.59
2011/10/3,52.21
2011/10/10,49.17
2011/10/17,52.17
2011/10/24,52.55
2011/10/31,51.66
2011/11/7,50.8
2011/11/14,51.79
2011/11/21,52.03
2011/11/28,50.14
2011/12/5,49.32
2011/12/12,49.83
2011/12/19,49.09
2011/12/26,49.52
2012/1/2,51.78
2012/1/9,52.53
2012/1/16,52.23
2012/1/23,50.67
2012/1/30,51.31
2012/2/6,50.69
2012/2/13,52.17
2012/2/20,52.99
2012/2/27,53.98
2012/3/5,54.37
2012/3/12,52.95
2012/3/19,54.37
2012/3/26,54.33
2012/4/2,55.03
2012/4/9,55.96
2012/4/16,56.91
2012/4/23,55.84
2012/4/30,55.34
2012/5/7,54.58
2012/5/14,53.01
2012/5/21,51.39
2012/5/28,50.5
2012/6/4,50.16
2012/6/11,48.8
2012/6/18,49.73
2012/6/25,50.44
2012/7/2,50.88
2012/7/9,52.89
2012/7/16,53.99
2012/7/23,54.17
2012/7/30,51.88
2012/8/6,53.92
2012/8/13,52.41
2012/8/20,53.77
2012/8/27,55.61
2012/9/3,55.75
2012/9/10,56.96
2012/9/17,55.51
2012/9/24,54.62
2012/10/1,53.08
2012/10/8,50.27
2012/10/15,51.58
2012/10/22,50.41
2012/10/29,51.32
2012/11/5,50.46
2012/11/12,48.84
2012/11/19,47.28
2012/11/26,48.32
2012/12/3,49.95
2012/12/10,49.36
2012/12/17,50.47
2012/12/24,48.41
2012/12/31,48.42
2013/1/7,50.52
2013/1/14,49.14
2013/1/21,50.79
2013/1/28,52.4
2013/2/4,51.7
2013/2/11,53.01
2013/2/18,51.08
2013/2/25,52.58
2013/3/4,49.08
2013/3/11,50
2013/3/18,49.8
2013/3/25,49.4
2013/4/1,50.75
2013/4/8,49.65
2013/4/15,49.94
2013/4/22,49.05
2013/4/29,48.58
2013/5/6,49.05
2013/5/13,48.95
2013/5/20,49.5
2013/5/27,49.48
2013/6/3,49.5
2013/6/10,48.59
2013/6/17,48.12
2013/6/24,48.8
2013/7/1,47.17
2013/7/8,46.92
2013/7/15,47.2
2013/7/22,45.63
2013/7/29,44.85
2013/8/5,42.1
2013/8/12,42.1
2013/8/19,42.7
2013/8/26,42.8
2013/9/2,44.12
2013/9/9,43.92
2013/9/16,42.7
2013/9/23,41.9
2013/9/30,41.8
2013/10/7,40
2013/10/14,40.3
2013/10/21,40.6
2013/10/28,41.57
2013/11/4,41.05
2013/11/11,41.2
2013/11/18,40.75
2013/11/25,40.05
2013/12/2,40.27
2013/12/9,39.9
2013/12/16,39.9
2013/12/23,39.3
2013/12/30,39.14
2014/1/6,38.9
2014/1/13,37.75
2014/1/20,37.5
2014/1/27,38.05
2014/2/3,37.35
2014/2/10,37.69
2014/2/17,38.9
2014/2/24,40.32
2014/3/3,40.53
2014/3/10,43.35
2014/3/17,43.62
2014/3/24,42.25
2014/3/31,40.68
2014/4/7,41.36
2014/4/14,42.03
2014/4/21,42.7
2014/4/28,42.77
2014/5/5,42.78
2014/5/12,41
2014/5/19,41.05
2014/5/26,40.05
2014/6/2,39.99
2014/6/9,38.35
2014/6/16,38.97
2014/6/23,39.72
2014/6/30,40.96
2014/7/7,38.7
2014/7/14,37.8
2014/7/21,36.89
2014/7/28,35.98
2014/8/4,36.24
2014/8/11,35.45
2014/8/18,34.8
2014/8/25,32.62
2014/9/1,32.95
2014/9/8,32.03
2014/9/15,31.6
2014/9/22,32.72
2014/9/29,32.35
2014/10/6,32.25
2014/10/13,33
2014/10/20,32.44
2014/10/27,31.76
2014/11/3,32.78
2014/11/10,33.06
2014/11/17,32.85
2014/11/24,32.63
2014/12/1,33.42
2014/12/8,31.35
2014/12/15,31.96
2014/12/22,31.77
2014/12/29,32.22
2015/1/5,33.05
2015/1/12,32.6
2015/1/19,32.35
2015/1/26,32.9
2015/2/2,31.17
2015/2/9,30.75
2015/2/16,31.45
2015/2/23,32.3
2015/3/2,31.35
2015/3/9,32.8
2015/3/16,30.65
2015/3/23,29.97
2015/3/30,31.14
2015/4/6,30.5
2015/4/13,31
2015/4/20,31.26
2015/4/27,31.82
2015/5/4,31.24
2015/5/11,33
2015/5/18,32.8
2015/5/25,32.2
2015/6/1,32.05
2015/6/8,34.08
2015/6/15,33.88
2015/6/22,32.88
2015/6/29,32.75
2015/7/6,33.55
2015/7/13,31.39
2015/7/20,32.25
2015/7/27,31.95
2015/8/3,30.67
2015/8/10,29.81
2015/8/17,29.91
2015/8/24,28.39
2015/8/31,26.88
2015/9/7,27.23
2015/9/14,26.86
2015/9/21,26.5
2015/9/28,26.21
2015/10/5,27.44
2015/10/12,28.65
2015/10/19,28.55
2015/10/26,28.67
2015/11/2,27.9
2015/11/9,28.09
2015/11/16,27.33
2015/11/23,27.5
2015/11/30,28.33
2015/12/7,29.88
2015/12/14,31.32
2015/12/21,30.73
2015/12/28,30.47
2016/1/4,30.49
2016/1/11,29.57
2016/1/18,29.1
2016/1/25,29.91
2016/2/1,30.75
2016/2/8,30.8
2016/2/15,30.69
2016/2/22,31.62
2016/2/29,30.74
2016/3/7,30.31
2016/3/14,30.82
2016/3/21,32.49
2016/3/28,33.8
2016/4/4,34.05
2016/4/11,34.16
2016/4/18,33.8
2016/4/25,34.77
2016/5/2,33.94
2016/5/9,32.19
2016/5/16,33.2
2016/5/23,32.78
2016/5/30,30.89
2016/6/6,31.82
2016/6/13,32.36
2016/6/20,32.45
2016/6/27,31.4
2016/7/4,31.09
2016/7/11,30.76
2016/7/18,30.67
2016/7/25,30.76
2016/8/1,29.62
2016/8/8,30.01
2016/8/15,31.15
2016/8/22,33.36
2016/8/29,33.94
2016/9/5,32.7
2016/9/12,32.81
2016/9/19,31.61
2016/9/26,33.89
2016/10/3,33.11
2016/10/10,32.91
2016/10/17,33.25
2016/10/24,35.45
2016/10/31,35.79
2016/11/7,34.85
2016/11/14,35.33
2016/11/21,34.23
2016/11/28,34.56
2016/12/5,36.32
2016/12/12,37.63
2016/12/19,36.59
2016/12/26,36.09
2017/1/2,35.09
2017/1/9,34.62
2017/1/16,35.43
2017/1/23,35.5
2017/1/30,35.3
2017/2/6,33.83
2017/2/13,34.34
2017/2/20,34.2
2017/2/27,32.67
2017/3/6,33.9
2017/3/13,33.6
2017/3/20,31.75
2017/3/27,33.09
2017/4/3,32.49
2017/4/10,31.4
2017/4/17,31.2
2017/4/24,31.3
2017/5/1,31.7
2017/5/8,32.35
2017/5/15,32.76
2017/5/22,33.04
2017/5/29,32.43
2017/6/5,31.42
2017/6/12,31.6
2017/6/19,32.2
2017/6/26,32.02
2017/7/3,32.07
2017/7/10,33.17
2017/7/17,33.68
2017/7/24,33.16
2017/7/31,33.46
2017/8/7,33.84
2017/8/14,33.81
2017/8/21,33.19
2017/8/28,34.2
2017/9/4,34.26
2017/9/11,35.11
2017/9/18,34.74
2017/9/25,34.52
2017/10/2,33.19
2017/10/9,32.49
2017/10/16,32.91
2017/10/23,33.65
2017/10/30,34.34
2017/11/6,34.6
2017/11/13,34.93
2017/11/20,34.14
2017/11/27,34.19
2017/12/4,33.89
2017/12/11,33.41
2017/12/18,33.45
2017/12/25,33.22
2018/1/1,33.22
2018/1/8,33.38
2018/1/15,33.56
2018/1/22,32.77
2018/1/29,32.51
2018/2/5,33
2018/2/12,33.1
2018/2/19,31.5
2018/2/26,31.83
2018/3/5,32.22
2018/3/12,32.31
2018/3/19,31.92
2018/3/26,31.71
2018/4/2,31.58
2018/4/9,32.43
2018/4/16,31.82
2018/4/23,31.19
2018/4/30,31.02
2018/5/7,30.1
2018/5/14,30.5
2018/5/21,31.11
2018/5/28,31.51
2018/6/4,31.24
2018/6/11,30.72
2018/6/18,30.05
2018/6/25,28.85
