1972/1/10,304.63
1972/1/17,307.63
1972/1/24,309.38
1972/1/31,318.75
1972/2/7,314.75
1972/2/14,314.38
1972/2/21,317
1972/2/28,319.5
1972/3/6,330.5
1972/3/13,335.63
1972/3/20,334.13
1972/3/27,339.5
1972/4/3,344.38
1972/4/10,350.38
1972/4/17,353.75
1972/4/24,351
1972/5/1,356
1972/5/8,347.5
1972/5/15,347.25
1972/5/22,356.75
1972/5/29,349
1972/6/5,347.25
1972/6/12,352
1972/6/19,350
1972/6/26,343.5
1972/7/3,345
1972/7/10,358.63
1972/7/17,349.88
1972/7/24,350.88
1972/7/31,347.38
1972/8/7,356.63
1972/8/14,367
1972/8/21,357
1972/8/28,362
1972/9/4,341.38
1972/9/11,347.5
1972/9/18,346
1972/9/25,342.25
1972/10/2,343.5
1972/10/9,341.38
1972/10/16,334.88
1972/10/23,334
1972/10/30,344.25
1972/11/6,354.25
1972/11/13,358.25
1972/11/20,376.88
1972/11/27,374.75
1972/12/4,382.75
1972/12/11,405.5
1972/12/18,435.5
1972/12/25,415.88
1973/1/1,414
1973/1/8,427
1973/1/15,429.25
1973/1/22,449.5
1973/1/29,474.75
1973/2/5,491.5
1973/2/12,528.38
1973/2/19,573.25
1973/2/26,606
1973/3/5,654
1973/3/12,681
1973/3/19,631
1973/3/26,603.5
1973/4/2,569.75
1973/4/9,568.75
1973/4/16,611.5
1973/4/23,640
1973/4/30,653.5
1973/5/7,774
1973/5/14,848
1973/5/21,907
1973/5/28,878
1973/6/4,978
1973/6/11,1180
1973/6/18,1148
1973/6/25,1136
1973/7/2,1086
1973/7/9,870
1973/7/16,740
1973/7/23,1027
1973/7/30,1100
1973/8/6,1035
1973/8/13,955
1973/8/20,1075
1973/8/27,875
1973/9/3,700
1973/9/10,691
1973/9/17,663
1973/9/24,615
1973/10/1,679
1973/10/8,614
1973/10/15,616.5
1973/10/22,589
1973/10/29,550
1973/11/5,531
1973/11/12,535
1973/11/19,558
1973/11/26,568
1973/12/3,589
1973/12/10,625.5
1973/12/17,630
1973/12/24,582
1973/12/31,583
1974/1/7,588.63
1974/1/14,618
1974/1/21,616
1974/1/28,636
1974/2/4,627
1974/2/11,634.5
1974/2/18,637
1974/2/25,651
1974/3/4,651.25
1974/3/11,615.5
1974/3/18,633
1974/3/25,641
1974/4/1,607
1974/4/8,579.75
1974/4/15,544
1974/4/22,555
1974/4/29,556
1974/5/6,543.5
1974/5/13,530
1974/5/20,540.25
1974/5/27,530
1974/6/3,551.5
1974/6/10,541
1974/6/17,535
1974/6/24,545
1974/7/1,568
1974/7/8,599
1974/7/15,641
1974/7/22,681.5
1974/7/29,764
1974/8/5,865
1974/8/12,838
1974/8/19,804.5
1974/8/26,728
1974/9/2,727
1974/9/9,716
1974/9/16,727
1974/9/23,741.5
1974/9/30,798
1974/10/7,875
1974/10/14,909
1974/10/21,867
1974/10/28,852
1974/11/4,790
1974/11/11,837
1974/11/18,805.5
1974/11/25,725
1974/12/2,743
1974/12/9,782.5
1974/12/16,734.5
1974/12/23,738
1974/12/30,718
1975/1/6,697
1975/1/13,685.5
1975/1/20,659
1975/1/27,602
1975/2/3,620
1975/2/10,599
1975/2/17,598.5
1975/2/24,573
1975/3/3,526
1975/3/10,504
1975/3/17,546
1975/3/24,539
1975/3/31,588
1975/4/7,603.5
1975/4/14,578.5
1975/4/21,582
1975/4/28,560
1975/5/5,537
1975/5/12,507
1975/5/19,526
1975/5/26,541
1975/6/2,499.25
1975/6/9,500
1975/6/16,502
1975/6/23,519
1975/6/30,518
1975/7/7,500
1975/7/14,536
1975/7/21,567
1975/7/28,553
1975/8/4,626
1975/8/11,597
1975/8/18,605
1975/8/25,629
1975/9/1,595.5
1975/9/8,555
1975/9/15,544
1975/9/22,577
1975/9/29,570
1975/10/6,570
1975/10/13,546
1975/10/20,534.5
1975/10/27,505.75
1975/11/3,487
1975/11/10,484
1975/11/17,476
1975/11/24,467
1975/12/1,484
1975/12/8,495
1975/12/15,468
1975/12/22,454
1975/12/29,453
1976/1/5,448.5
1976/1/12,456.5
1976/1/19,476.5
1976/1/26,484.5
1976/2/2,459
1976/2/9,479
1976/2/16,486
1976/2/23,483.5
1976/3/1,479
1976/3/8,472.5
1976/3/15,481.5
1976/3/22,467.5
1976/3/29,475.5
1976/4/5,473.25
1976/4/12,476.5
1976/4/19,483.25
1976/4/26,487
1976/5/3,479
1976/5/10,482.5
1976/5/17,511.5
1976/5/24,529
1976/5/31,559.5
1976/6/7,591
1976/6/14,616.5
1976/6/21,658.5
1976/6/28,654.5
1976/7/5,666
1976/7/12,727
1976/7/19,713
1976/7/26,661
1976/8/2,623
1976/8/9,596
1976/8/16,617
1976/8/23,621.5
1976/8/30,674.5
1976/9/6,664
1976/9/13,730
1976/9/20,688.5
1976/9/27,653
1976/10/4,642
1976/10/11,647
1976/10/18,627
1976/10/25,622
1976/11/1,655
1976/11/8,653
1976/11/15,659
1976/11/22,650.5
1976/11/29,677
1976/12/6,674
1976/12/13,691
1976/12/20,701.5
1976/12/27,687
1977/1/3,705.5
1977/1/10,705.5
1977/1/17,710.25
1977/1/24,718
1977/1/31,733
1977/2/7,720.5
1977/2/14,731.5
1977/2/21,727.25
1977/2/28,742.25
1977/3/7,783.75
1977/3/14,828.75
1977/3/21,827.25
1977/3/28,856.75
1977/4/4,889.25
1977/4/11,939.5
1977/4/18,1023.5
1977/4/25,1004.25
1977/5/2,1001
1977/5/9,1030
1977/5/16,943
1977/5/23,981
1977/5/30,946
1977/6/6,960
1977/6/13,926
1977/6/20,836.5
1977/6/27,740.5
1977/7/4,790.5
1977/7/11,701
1977/7/18,578.5
1977/7/25,647
1977/8/1,624.5
1977/8/8,583.5
1977/8/15,600
1977/8/22,547
1977/8/29,517
1977/9/5,522.5
1977/9/12,540.5
1977/9/19,529.5
1977/9/26,534.75
1977/10/3,526.5
1977/10/10,542
1977/10/17,543.25
1977/10/24,518.25
1977/10/31,526.75
1977/11/7,569.25
1977/11/14,583.25
1977/11/21,610.75
1977/11/28,598.5
1977/12/5,593.25
1977/12/12,585.5
1977/12/19,590.5
1977/12/26,598.5
1978/1/2,603
1978/1/9,588.75
1978/1/16,597.75
1978/1/23,555
1978/1/30,569.5
1978/2/6,564.75
1978/2/13,571.25
1978/2/20,565.75
1978/2/27,581.25
1978/3/6,580.75
1978/3/13,632.25
1978/3/20,667
1978/3/27,694
1978/4/3,731
1978/4/10,671.5
1978/4/17,709
1978/4/24,722
1978/5/1,703.5
1978/5/8,720.75
1978/5/15,715.5
1978/5/22,727.25
1978/5/29,716.25
1978/6/5,745.25
1978/6/12,694
1978/6/19,685.5
1978/6/26,688.5
1978/7/3,682.25
1978/7/10,688
1978/7/17,687.25
1978/7/24,632.25
1978/7/31,623
1978/8/7,628.75
1978/8/14,604.25
1978/8/21,649.5
1978/8/28,670
1978/9/4,645.5
1978/9/11,638
1978/9/18,651
1978/9/25,665.5
1978/10/2,645
1978/10/9,663.5
1978/10/16,671.5
1978/10/23,689
1978/10/30,685.5
1978/11/6,707.25
1978/11/13,669
1978/11/20,666
1978/11/27,674.5
1978/12/4,664
1978/12/11,669.5
1978/12/18,680.5
1978/12/25,702.5
1979/1/1,682.75
1979/1/8,674.5
1979/1/15,681.25
1979/1/22,695.75
1979/1/29,713.75
1979/2/5,708
1979/2/12,726.25
1979/2/19,730.25
1979/2/26,773
1979/3/5,753.75
1979/3/12,758.5
1979/3/19,727.5
1979/3/26,756
1979/4/2,776
1979/4/9,748.5
1979/4/16,745.5
1979/4/23,738.5
1979/4/30,736
1979/5/7,718.25
1979/5/14,710.25
1979/5/21,713.25
1979/5/28,742
1979/6/4,738.75
1979/6/11,734.75
1979/6/18,760
1979/6/25,784
1979/7/2,831.5
1979/7/9,753.5
1979/7/16,768.25
1979/7/23,774
1979/7/30,763
1979/8/6,715.5
1979/8/13,693.5
1979/8/20,718.25
1979/8/27,734
1979/9/3,723.25
1979/9/10,697.25
1979/9/17,698
1979/9/24,722.5
1979/10/1,704.75
1979/10/8,717
1979/10/15,689
1979/10/22,659.25
1979/10/29,645
1979/11/5,637.75
1979/11/12,644
1979/11/19,662.75
1979/11/26,674
1979/12/3,671.5
1979/12/10,675.75
1979/12/17,670.5
1979/12/24,661.5
1979/12/31,664.5
1980/1/7,641.5
1980/1/14,643
1980/1/21,639.75
1980/1/28,648.5
1980/2/4,661
1980/2/11,675
1980/2/18,667.5
1980/2/25,638.5
1980/3/3,636.75
1980/3/10,643.25
1980/3/17,619
1980/3/24,615
1980/3/31,613.5
1980/4/7,579.5
1980/4/14,589.5
1980/4/21,595.75
1980/4/28,599.25
1980/5/5,590.75
1980/5/12,607.25
1980/5/19,608.5
1980/5/26,612
1980/6/2,634.75
1980/6/9,618.5
1980/6/16,621.75
1980/6/23,631.5
1980/6/30,647
1980/7/7,674
1980/7/14,727.75
1980/7/21,774
1980/7/28,757
1980/8/4,753.5
1980/8/11,776.5
1980/8/18,766
1980/8/25,741
1980/9/1,768.75
1980/9/8,809.5
1980/9/15,824
1980/9/22,829.5
1980/9/29,868
1980/10/6,811
1980/10/13,820.5
1980/10/20,861
1980/10/27,872
1980/11/3,914.5
1980/11/10,928.25
1980/11/17,864.75
1980/11/24,922.5
1980/12/1,914
1980/12/8,886
1980/12/15,792
1980/12/22,767.5
1980/12/29,798
1981/1/5,759.25
1981/1/12,818.75
1981/1/19,800.5
1981/1/26,766.5
1981/2/2,742
1981/2/9,762.5
1981/2/16,746
1981/2/23,761.5
1981/3/2,753.75
1981/3/9,717
1981/3/16,715.5
1981/3/23,748.5
1981/3/30,780
1981/4/6,783.5
1981/4/13,808
1981/4/20,768.5
1981/4/27,786.5
1981/5/4,774.5
1981/5/11,755.75
1981/5/18,738.25
1981/5/25,741
1981/6/1,755.25
1981/6/8,748
1981/6/15,729.5
1981/6/22,735.5
1981/6/29,712.25
1981/7/6,686.5
1981/7/13,722.25
1981/7/20,734.25
1981/7/27,719.5
1981/8/3,737.25
1981/8/10,710.5
1981/8/17,710.5
1981/8/24,687
1981/8/31,661.5
1981/9/7,666.25
1981/9/14,663
1981/9/21,672.5
1981/9/28,660.75
1981/10/5,646.5
1981/10/12,668.25
1981/10/19,674.75
1981/10/26,650
1981/11/2,642.25
1981/11/9,655.75
1981/11/16,638.25
1981/11/23,626
1981/11/30,637
1981/12/7,655.5
1981/12/14,630.5
1981/12/21,623.25
1981/12/28,609.75
1982/1/4,615
1982/1/11,618
1982/1/18,627.25
1982/1/25,632.5
1982/2/1,647.5
1982/2/8,652.5
1982/2/15,631
1982/2/22,623.5
1982/3/1,613.5
1982/3/8,618.25
1982/3/15,603
1982/3/22,606.5
1982/3/29,636
1982/4/5,633.25
1982/4/12,658.5
1982/4/19,652.25
1982/4/26,653
1982/5/3,651.25
1982/5/10,653.75
1982/5/17,663.25
1982/5/24,662.75
1982/5/31,656
1982/6/7,622.25
1982/6/14,632.25
1982/6/21,633
1982/6/28,636.5
1982/7/5,618.5
1982/7/12,603.5
1982/7/19,629.5
1982/7/26,616.5
1982/8/2,616.5
1982/8/9,609.75
1982/8/16,585.75
1982/8/23,560
1982/8/30,571.25
1982/9/6,553.75
1982/9/13,540.5
1982/9/20,544
1982/9/27,537.25
1982/10/4,537.25
1982/10/11,520.5
1982/10/18,536.75
1982/10/25,532.25
1982/11/1,533.5
1982/11/8,546.5
1982/11/15,565.25
1982/11/22,568.25
1982/11/29,574.5
1982/12/6,573.5
1982/12/13,573.25
1982/12/20,563.75
1982/12/27,566.75
1983/1/3,567.25
1983/1/10,564.75
1983/1/17,576
1983/1/24,588.25
1983/1/31,594.5
1983/2/7,601.5
1983/2/14,586.75
1983/2/21,597.25
1983/2/28,587.75
1983/3/7,561.25
1983/3/14,571
1983/3/21,573.75
1983/3/28,603.25
1983/4/4,638.5
1983/4/11,638.75
1983/4/18,637.5
1983/4/25,627.25
1983/5/2,644.25
1983/5/9,630.25
1983/5/16,623.5
1983/5/23,620.5
1983/5/30,627
1983/6/6,607.5
1983/6/13,616
1983/6/20,593.25
1983/6/27,605.75
1983/7/4,584.5
1983/7/11,607.25
1983/7/18,641.25
1983/7/25,665
1983/8/1,691.5
1983/8/8,745.75
1983/8/15,780
1983/8/22,907
1983/8/29,897.5
1983/9/5,874
1983/9/12,919.25
1983/9/19,906
1983/9/26,891
1983/10/3,895.5
1983/10/10,829
1983/10/17,850
1983/10/24,869.5
1983/10/31,840
1983/11/7,823
1983/11/14,850.5
1983/11/21,819
1983/11/28,774.5
1983/12/5,806
1983/12/12,764
1983/12/19,772
1983/12/26,783.5
1984/1/2,823
1984/1/9,784.5
1984/1/16,769.5
1984/1/23,729.5
1984/1/30,760.75
1984/2/6,730.75
1984/2/13,718.75
1984/2/20,694.5
1984/2/27,708.75
1984/3/5,727.75
1984/3/12,765.25
1984/3/19,770
1984/3/26,798
1984/4/2,787
1984/4/9,802.5
1984/4/16,795.75
1984/4/23,770.75
1984/4/30,800.5
1984/5/7,779.5
1984/5/14,826.75
1984/5/21,848
1984/5/28,888.75
1984/6/4,867
1984/6/11,819.75
1984/6/18,785.25
1984/6/25,798.75
1984/7/2,739.5
1984/7/9,709
1984/7/16,669.25
1984/7/23,695
1984/7/30,637
1984/8/6,611.25
1984/8/13,645.25
1984/8/20,672.5
1984/8/27,626.75
1984/9/3,649.75
1984/9/10,622.75
1984/9/17,626
1984/9/24,592.5
1984/10/1,597.5
1984/10/8,587
1984/10/15,600.5
1984/10/22,633.75
1984/10/29,631.25
1984/11/5,613.75
1984/11/12,622.5
1984/11/19,621.25
1984/11/26,604
1984/12/3,594.75
1984/12/10,608
1984/12/17,592.5
1984/12/24,594
1984/12/31,588.75
1985/1/7,569
1985/1/14,568.25
1985/1/21,584.5
1985/1/28,592.75
1985/2/4,598.5
1985/2/11,601.75
1985/2/18,577
1985/2/25,578
1985/3/4,564.75
1985/3/11,571.25
1985/3/18,574.75
1985/3/25,604
1985/4/1,607.25
1985/4/8,600.75
1985/4/15,604.5
1985/4/22,594.5
1985/4/29,595
1985/5/6,588
1985/5/13,576.75
1985/5/20,584.5
1985/5/27,568
1985/6/3,556.75
1985/6/10,562.5
1985/6/17,586.75
1985/6/24,585.25
1985/7/1,577.25
1985/7/8,556
1985/7/15,564.5
1985/7/22,561
1985/7/29,541
1985/8/5,523
1985/8/12,527
1985/8/19,520.75
1985/8/26,511.5
1985/9/2,512.75
1985/9/9,506.75
1985/9/16,507
1985/9/23,519
1985/9/30,522
1985/10/7,513.5
1985/10/14,506
1985/10/21,503.5
1985/10/28,509.25
1985/11/4,502.25
1985/11/11,519.25
1985/11/18,521.5
1985/11/25,491
1985/12/2,492
1985/12/9,503.75
1985/12/16,518.25
1985/12/23,526
1985/12/30,537.25
1986/1/6,531.25
1986/1/13,542.5
1986/1/20,525
1986/1/27,530.75
1986/2/3,540.5
1986/2/10,528.25
1986/2/17,532
1986/2/24,525.25
1986/3/3,521.5
1986/3/10,532.5
1986/3/17,534
1986/3/24,539.25
1986/3/31,534.25
1986/4/7,543
1986/4/14,528.75
1986/4/21,525.75
1986/4/28,526.5
1986/5/5,533.5
1986/5/12,534.25
1986/5/19,539
1986/5/26,534.5
1986/6/2,532.5
1986/6/9,527.5
1986/6/16,532.75
1986/6/23,527.5
1986/6/30,528
1986/7/7,506.75
1986/7/14,521.25
1986/7/21,534
1986/7/28,546.25
1986/8/4,519
1986/8/11,504.5
1986/8/18,501.25
1986/8/25,515
1986/9/1,480.75
1986/9/8,470.75
1986/9/15,480
1986/9/22,481.75
1986/9/29,488.5
1986/10/6,486.5
1986/10/13,469.5
1986/10/20,474.25
1986/10/27,482.5
1986/11/3,493.75
1986/11/10,500.75
1986/11/17,498.25
1986/11/24,494
1986/12/1,497.75
1986/12/8,502
1986/12/15,491.75
1986/12/22,488
1986/12/29,488.25
1987/1/5,489
1987/1/12,486.25
1987/1/19,494.25
1987/1/26,495.5
1987/2/2,501.5
1987/2/9,500
1987/2/16,492.75
1987/2/23,487.25
1987/3/2,487.5
1987/3/9,485.75
1987/3/16,487.75
1987/3/23,488
1987/3/30,490
1987/4/6,496.5
1987/4/13,504.5
1987/4/20,518.25
1987/4/27,514.25
1987/5/4,523.5
1987/5/11,536.5
1987/5/18,558.5
1987/5/25,549.5
1987/6/1,545
1987/6/8,553.25
1987/6/15,557.75
1987/6/22,596
1987/6/29,543.75
1987/7/6,536.25
1987/7/13,549.75
1987/7/20,546.5
1987/7/27,546
1987/8/3,544.25
1987/8/10,514.75
1987/8/17,519.5
1987/8/24,530.25
1987/8/31,513.5
1987/9/7,508
1987/9/14,521.75
1987/9/21,525.5
1987/9/28,527
1987/10/5,531
1987/10/12,537.75
1987/10/19,540.5
1987/10/26,535
1987/11/2,538.75
1987/11/9,525.25
1987/11/16,549.25
1987/11/23,564.5
1987/11/30,597
1987/12/7,613
1987/12/14,587.25
1987/12/21,583.5
1987/12/28,599
1988/1/4,599.5
1988/1/11,614.25
1988/1/18,605.25
1988/1/25,624
1988/2/1,621.38
1988/2/8,597
1988/2/15,609.63
1988/2/22,620.38
1988/2/29,621
1988/3/7,635
1988/3/14,617
1988/3/21,613.63
1988/3/28,632
1988/4/4,650.19
1988/4/11,670.63
1988/4/18,679.19
1988/4/25,672
1988/5/2,677.38
1988/5/9,689.19
1988/5/16,705.63
1988/5/23,750.38
1988/5/30,783.5
1988/6/6,798
1988/6/13,882
1988/6/20,890
1988/6/27,1046.5
1988/7/4,1014.5
1988/7/11,959
1988/7/18,879.5
1988/7/25,874.5
1988/8/1,755.38
1988/8/8,829
1988/8/15,855.63
1988/8/22,865.38
1988/8/29,807
1988/9/5,847
1988/9/12,888
1988/9/19,876
1988/9/26,820.38
1988/10/3,810
1988/10/10,829
1988/10/17,793.38
1988/10/24,805.38
1988/10/31,761.38
1988/11/7,776.63
1988/11/14,796.19
1988/11/21,743.38
1988/11/28,750.75
1988/12/5,753.75
1988/12/12,773.25
1988/12/19,765.5
1988/12/26,786.5
1989/1/2,796.5
1989/1/9,801.75
1989/1/16,802.5
1989/1/23,761.75
1989/1/30,767.38
1989/2/6,772.63
1989/2/13,757.38
1989/2/20,735.19
1989/2/27,746.38
1989/3/6,762.38
1989/3/13,764.19
1989/3/20,769
1989/3/27,777.38
1989/4/3,762.63
1989/4/10,714.63
1989/4/17,720.38
1989/4/24,748.38
1989/5/1,732.38
1989/5/8,734
1989/5/15,766.19
1989/5/22,732.19
1989/5/29,699.5
1989/6/5,717
1989/6/12,714
1989/6/19,701
1989/6/26,736.25
1989/7/3,738.5
1989/7/10,776.5
1989/7/17,726
1989/7/24,695.5
1989/7/31,661
1989/8/7,613.5
1989/8/14,592.5
1989/8/21,622.5
1989/8/28,606
1989/9/4,581.25
1989/9/11,581.25
1989/9/18,602
1989/9/25,563
1989/10/2,566.25
1989/10/9,576.25
1989/10/16,552.25
1989/10/23,555.5
1989/10/30,560.75
1989/11/6,558.5
1989/11/13,564.25
1989/11/20,579
1989/11/27,585.75
1989/12/4,579.75
1989/12/11,575
1989/12/18,577
1989/12/25,578.5
1990/1/1,568.5
1990/1/8,561.25
1990/1/15,570.5
1990/1/22,558
1990/1/29,567.25
1990/2/5,558.5
1990/2/12,562.75
1990/2/19,564
1990/2/26,566.25
1990/3/5,561.5
1990/3/12,577.75
1990/3/19,578.5
1990/3/26,592.5
1990/4/2,600.19
1990/4/9,586
1990/4/16,591
1990/4/23,596.38
1990/4/30,598.38
1990/5/7,627.38
1990/5/14,633.38
1990/5/21,613.19
1990/5/28,609
1990/6/4,606
1990/6/11,592.75
1990/6/18,607.5
1990/6/25,593.25
1990/7/2,608
1990/7/9,648.5
1990/7/16,615.75
1990/7/23,595
1990/7/30,584.25
1990/8/6,594.5
1990/8/13,595.25
1990/8/20,610
1990/8/27,611
1990/9/3,619.75
1990/9/10,608
1990/9/17,625.5
1990/9/24,622.5
1990/10/1,617.5
1990/10/8,606.25
1990/10/15,634.25
1990/10/22,610.25
1990/10/29,614.5
1990/11/5,590.5
1990/11/12,575.75
1990/11/19,563
1990/11/26,557
1990/12/3,582.25
1990/12/10,601.25
1990/12/17,595
1990/12/24,583.25
1990/12/31,566.5
1991/1/7,553.75
1991/1/14,553.5
1991/1/21,556.5
1991/1/28,578.25
1991/2/4,564.19
1991/2/11,570.63
1991/2/18,570.19
1991/2/25,574.63
1991/3/4,576.63
1991/3/11,595.19
1991/3/18,585.19
1991/3/25,570.38
1991/4/1,567.75
1991/4/8,594.5
1991/4/15,581.75
1991/4/22,589
1991/4/29,593.25
1991/5/6,576.5
1991/5/13,577
1991/5/20,563
1991/5/27,564
1991/6/3,577
1991/6/10,579.25
1991/6/17,573.25
1991/6/24,565.75
1991/7/1,563
1991/7/8,531.25
1991/7/15,523
1991/7/22,547.5
1991/7/29,560
1991/8/5,575.25
1991/8/12,569.5
1991/8/19,548.5
1991/8/26,531
1991/9/2,574.75
1991/9/9,576.75
1991/9/16,573
1991/9/23,600.5
1991/9/30,592
1991/10/7,588.5
1991/10/14,572
1991/10/21,548
1991/10/28,555.5
1991/11/4,556.75
1991/11/11,563
1991/11/18,546.25
1991/11/25,565.25
1991/12/2,563.25
1991/12/9,555.5
1991/12/16,548
1991/12/23,550.75
1991/12/30,562
1992/1/6,554.75
1992/1/13,556.75
1992/1/20,557.25
1992/1/27,575.5
1992/2/3,581.38
1992/2/10,577.63
1992/2/17,566.38
1992/2/24,572.38
1992/3/2,577.19
1992/3/9,581.19
1992/3/16,588.38
1992/3/23,588.63
1992/3/30,586
1992/4/6,588.25
1992/4/13,570.5
1992/4/20,575.5
1992/4/27,583.75
1992/5/4,573.75
1992/5/11,586
1992/5/18,599.75
1992/5/25,601.5
1992/6/1,602.75
1992/6/8,630
1992/6/15,630
1992/6/22,595.5
1992/6/29,603.5
1992/7/6,600.75
1992/7/13,575.25
1992/7/20,569.75
1992/7/27,556
1992/8/3,558.25
1992/8/10,559.5
1992/8/17,548
1992/8/24,550.25
1992/8/31,562
1992/9/7,552.25
1992/9/14,566.75
1992/9/21,561.5
1992/9/28,539.5
1992/10/5,541.75
1992/10/12,530.75
1992/10/19,537.5
1992/10/26,546.25
1992/11/2,541.5
1992/11/9,554.75
1992/11/16,549.25
1992/11/23,564.5
1992/11/30,568
1992/12/7,559.75
1992/12/14,560
1992/12/21,570.75
1992/12/28,576.75
1993/1/4,567.75
1993/1/11,565.25
1993/1/18,582.75
1993/1/25,586.75
1993/2/1,576.25
1993/2/8,572
1993/2/15,568.25
1993/2/22,571
1993/3/1,575
1993/3/8,581.25
1993/3/15,574
1993/3/22,580.5
1993/3/29,591.5
1993/4/5,586.75
1993/4/12,590.25
1993/4/19,595.25
1993/4/26,590.5
1993/5/3,592.5
1993/5/10,589.75
1993/5/17,603.75
1993/5/24,605.75
1993/5/31,607.5
1993/6/7,589
1993/6/14,590.25
1993/6/21,582.75
1993/6/28,615.5
1993/7/5,633.25
1993/7/12,703
1993/7/19,695.5
1993/7/26,727.25
1993/8/2,702.75
1993/8/9,706
1993/8/16,666.5
1993/8/23,658
1993/8/30,671.25
1993/9/6,659.5
1993/9/13,638.5
1993/9/20,630.75
1993/9/27,650.5
1993/10/4,631.5
1993/10/11,606
1993/10/18,614.75
1993/10/25,614.75
1993/11/1,620.25
1993/11/8,627.75
1993/11/15,630.5
1993/11/22,674.25
1993/11/29,681.81
1993/12/6,671.63
1993/12/13,684
1993/12/20,680.81
1993/12/27,687.81
1994/1/3,700.81
1994/1/10,692.63
1994/1/17,685.19
1994/1/24,702
1994/1/31,698.63
1994/2/7,687
1994/2/14,674.63
1994/2/21,677.63
1994/2/28,679
1994/3/7,678.63
1994/3/14,663.19
1994/3/21,686.63
1994/3/28,688.19
1994/4/4,688.81
1994/4/11,654
1994/4/18,658.81
1994/4/25,660.81
1994/5/2,669.63
1994/5/9,662.81
1994/5/16,665
1994/5/23,685.63
1994/5/30,695
1994/6/6,701
1994/6/13,660.63
1994/6/20,690.63
1994/6/27,676.63
1994/7/4,681
1994/7/11,615.63
1994/7/18,624
1994/7/25,600
1994/8/1,589.19
1994/8/8,582.63
1994/8/15,582.63
1994/8/22,583.19
1994/8/29,576.19
1994/9/5,573.81
1994/9/12,589.63
1994/9/19,583.63
1994/9/26,550.19
1994/10/3,554.19
1994/10/10,536
1994/10/17,532.19
1994/10/24,544.81
1994/10/31,548.19
1994/11/7,542.19
1994/11/14,558
1994/11/21,560.19
1994/11/28,565.75
1994/12/5,569.75
1994/12/12,557.75
1994/12/19,563.5
1994/12/26,560.75
1995/1/2,565.75
1995/1/9,547.75
1995/1/16,551
1995/1/23,555.25
1995/1/30,553.5
1995/2/6,547.5
1995/2/13,548.5
1995/2/20,558.5
1995/2/27,557
1995/3/6,554.75
1995/3/13,568
1995/3/20,568.5
1995/3/27,574
1995/4/3,577.5
1995/4/10,581.75
1995/4/17,589.5
1995/4/24,569
1995/5/1,568.25
1995/5/8,576.25
1995/5/15,563
1995/5/22,563
1995/5/29,600
1995/6/5,579.75
1995/6/12,592
1995/6/19,579.75
1995/6/26,607.25
1995/7/3,583.75
1995/7/10,598.25
1995/7/17,611.25
1995/7/24,635.25
1995/7/31,630.25
1995/8/7,602
1995/8/14,592.5
1995/8/21,587
1995/8/28,597.5
1995/9/4,603.75
1995/9/11,617.5
1995/9/18,619.25
1995/9/25,645.5
1995/10/2,644.25
1995/10/9,636
1995/10/16,648.75
1995/10/23,652.5
1995/10/30,669.25
1995/11/6,675.25
1995/11/13,683.25
1995/11/20,670.25
1995/11/27,678.25
1995/12/4,677.5
1995/12/11,702.75
1995/12/18,716
1995/12/25,740.75
1996/1/1,730.5
1996/1/8,748.5
1996/1/15,736.25
1996/1/22,727.75
1996/1/29,737.5
1996/2/5,736.5
1996/2/12,729.25
1996/2/19,722
1996/2/26,727.75
1996/3/4,737
1996/3/11,713.75
1996/3/18,717.25
1996/3/25,706.75
1996/4/1,737.5
1996/4/8,756
1996/4/15,778.75
1996/4/22,773
1996/4/29,812.25
1996/5/6,787.25
1996/5/13,810.5
1996/5/20,810.5
1996/5/27,796
1996/6/3,801.5
1996/6/10,769.75
1996/6/17,775.25
1996/6/24,791
1996/7/1,775
1996/7/8,773.5
1996/7/15,779.75
1996/7/22,823
1996/7/29,777.75
1996/8/5,762.25
1996/8/12,769.25
1996/8/19,817.25
1996/8/26,824
1996/9/2,824
1996/9/9,811
1996/9/16,830
1996/9/23,815
1996/9/30,791.25
1996/10/7,749.25
1996/10/14,736.5
1996/10/21,692.5
1996/10/28,689
1996/11/4,698.5
1996/11/11,670
1996/11/18,688.5
1996/11/25,705.5
1996/12/2,713
1996/12/9,699
1996/12/16,685
1996/12/23,706.5
1996/12/30,707
1997/1/6,690.5
1997/1/13,698.5
1997/1/20,733.75
1997/1/27,746.25
1997/2/3,744.5
1997/2/10,737
1997/2/17,749.75
1997/2/24,779
1997/3/3,791
1997/3/10,806.5
1997/3/17,851.75
1997/3/24,827.5
1997/3/31,842
1997/4/7,875.5
1997/4/14,849.25
1997/4/21,836
1997/4/28,840.5
1997/5/5,867.5
1997/5/12,894
1997/5/19,880.25
1997/5/26,864.75
1997/6/2,831.25
1997/6/9,860
1997/6/16,813
1997/6/23,853
1997/6/30,831
1997/7/7,732
1997/7/14,768
1997/7/21,811
1997/7/28,778.5
1997/8/4,767
1997/8/11,763
1997/8/18,743.75
1997/8/25,779.25
1997/9/1,662.25
1997/9/8,671.25
1997/9/15,713
1997/9/22,782
1997/9/29,631
1997/10/6,621.5
1997/10/13,664
1997/10/20,706
1997/10/27,694.75
1997/11/3,691.75
1997/11/10,711.25
1997/11/17,737.75
1997/11/24,726
1997/12/1,712.75
1997/12/8,704
1997/12/15,707
1997/12/22,686
1997/12/29,679.5
1998/1/5,681.25
1998/1/12,661.25
1998/1/19,671
1998/1/26,678
1998/2/2,679.5
1998/2/9,684.5
1998/2/16,693
1998/2/23,669.5
1998/3/2,653.25
1998/3/9,648.5
1998/3/16,665
1998/3/23,656.5
1998/3/30,651.5
1998/4/6,645
1998/4/13,628.5
1998/4/20,630.25
1998/4/27,650.75
1998/5/4,643.5
1998/5/11,652.5
1998/5/18,649.25
1998/5/25,645.5
1998/6/1,623.5
1998/6/8,621.5
1998/6/15,609
1998/6/22,617
1998/6/29,664
1998/7/6,640
1998/7/13,655.5
1998/7/20,656.25
1998/7/27,644.25
1998/8/3,595.75
1998/8/10,564.5
1998/8/17,565
1998/8/24,568.25
1998/8/31,537
1998/9/7,523
1998/9/14,526
1998/9/21,532
1998/9/28,529.75
1998/10/5,527.25
1998/10/12,522.75
1998/10/19,563.5
1998/10/26,551
1998/11/2,548
1998/11/9,550.75
1998/11/16,573.5
1998/11/23,572.75
1998/11/30,570.25
1998/12/7,582
1998/12/14,571
1998/12/21,553
1998/12/28,545.25
1999/1/4,543.75
1999/1/11,549.25
1999/1/18,535
1999/1/25,525.75
1999/2/1,514
1999/2/8,513.25
1999/2/15,499
1999/2/22,487.75
1999/3/1,474
1999/3/8,462.5
1999/3/15,464.5
1999/3/22,477.25
1999/3/29,493.25
1999/4/5,501.5
1999/4/12,477.75
1999/4/19,485.25
1999/4/26,495.5
1999/5/3,478
1999/5/10,478.5
1999/5/17,469.25
1999/5/24,470.5
1999/5/31,459.75
1999/6/7,458
1999/6/14,469
1999/6/21,463.25
1999/6/28,467.75
1999/7/5,444
1999/7/12,413.75
1999/7/19,424
1999/7/26,435.5
1999/8/2,429.5
1999/8/9,472
1999/8/16,485.5
1999/8/23,464.5
1999/8/30,461.75
1999/9/6,478.5
1999/9/13,515.5
1999/9/20,497.5
1999/9/27,481.5
1999/10/4,490.25
1999/10/11,483.75
1999/10/18,499.5
1999/10/25,494.75
1999/11/1,468.25
1999/11/8,471
1999/11/15,470.25
1999/11/22,462.75
1999/11/29,468.75
1999/12/6,476.25
1999/12/13,480.25
1999/12/20,453
1999/12/27,456.75
2000/1/3,458.25
2000/1/10,464.25
2000/1/17,467
2000/1/24,502.25
2000/1/31,517
2000/2/7,510
2000/2/14,500.25
2000/2/21,508.75
2000/2/28,513
2000/3/6,501.25
2000/3/13,502.25
2000/3/20,520
2000/3/27,526.75
2000/4/3,526.5
2000/4/10,538.5
2000/4/17,528
2000/4/24,534
2000/5/1,543
2000/5/8,554.25
2000/5/15,545.25
2000/5/22,543.75
2000/5/29,548.75
2000/6/5,517
2000/6/12,530.5
2000/6/19,510.5
2000/6/26,501
2000/7/3,497.25
2000/7/10,472.5
2000/7/17,471.25
2000/7/24,455.5
2000/7/31,452.75
2000/8/7,442
2000/8/14,442.25
2000/8/21,457.5
2000/8/28,458.5
2000/9/4,484.25
2000/9/11,502
2000/9/18,495.5
2000/9/25,483.75
2000/10/2,493.75
2000/10/9,489
2000/10/16,485.75
2000/10/23,468.25
2000/10/30,467.75
2000/11/6,459.75
2000/11/13,475
2000/11/20,472
2000/11/27,489
2000/12/4,500.75
2000/12/11,500.75
2000/12/18,507.25
2000/12/25,511.75
2001/1/1,505.25
2001/1/8,495
2001/1/15,495.25
2001/1/22,477.5
2001/1/29,468.25
2001/2/5,461
2001/2/12,464.25
2001/2/19,450
2001/2/26,454
2001/3/5,451.25
2001/3/12,461.75
2001/3/19,452.25
2001/3/26,446.75
2001/4/2,445.25
2001/4/9,430.25
2001/4/16,432.75
2001/4/23,429.5
2001/4/30,426
2001/5/7,436
2001/5/14,447.5
2001/5/21,444
2001/5/28,443.75
2001/6/4,439.25
2001/6/11,453.25
2001/6/18,473.75
2001/6/25,469.75
2001/7/2,457
2001/7/9,488.5
2001/7/16,509
2001/7/23,528
2001/7/30,503.75
2001/8/6,512.75
2001/8/13,508.5
2001/8/20,516
2001/8/27,491.75
2001/9/3,475.75
2001/9/10,478.75
2001/9/17,464.75
2001/9/24,475
2001/10/1,463.5
2001/10/8,453
2001/10/15,451.5
2001/10/22,430.5
2001/10/29,420.75
2001/11/5,431.75
2001/11/12,432
2001/11/19,442.25
2001/11/26,448.5
2001/12/3,444
2001/12/10,444.75
2001/12/17,437.5
2001/12/24,432
2001/12/31,428.25
2002/1/7,418
2002/1/14,435
2002/1/21,446
2002/1/28,439
2002/2/4,428.5
2002/2/11,432.75
2002/2/18,436.25
2002/2/25,438.25
2002/3/4,436.75
2002/3/11,449
2002/3/18,456.75
2002/3/25,463.5
2002/4/1,467.75
2002/4/8,473.25
2002/4/15,461.25
2002/4/22,463.25
2002/4/29,474
2002/5/6,462.25
2002/5/13,461
2002/5/20,474.5
2002/5/27,490.5
2002/6/3,497.25
2002/6/10,509.75
2002/6/17,500.5
2002/6/24,493
2002/7/1,503.25
2002/7/8,544.25
2002/7/15,587.5
2002/7/22,579.75
2002/7/29,576
2002/8/5,544.5
2002/8/12,564.75
2002/8/19,593.25
2002/8/26,551.75
2002/9/2,562.75
2002/9/9,559.75
2002/9/16,581
2002/9/23,573
2002/9/30,561.75
2002/10/7,542
2002/10/14,535.25
2002/10/21,547.75
2002/10/28,546.5
2002/11/4,557
2002/11/11,578.25
2002/11/18,569.5
2002/11/25,573.75
2002/12/2,573
2002/12/9,564.5
2002/12/16,564
2002/12/23,556
2002/12/30,572.75
2003/1/6,569.5
2003/1/13,585.25
2003/1/20,555
2003/1/27,556
2003/2/3,573.25
2003/2/10,570.5
2003/2/17,572
2003/2/24,574
2003/3/3,576.25
2003/3/10,572.75
2003/3/17,572
2003/3/24,574
2003/3/31,573.5
2003/4/7,573.75
2003/4/14,601
2003/4/21,610.5
2003/4/28,610
2003/5/5,620.75
2003/5/12,625
2003/5/19,642.5
2003/5/26,642.75
2003/6/2,630.5
2003/6/9,610.25
2003/6/16,633.5
2003/6/23,621.25
2003/6/30,635.75
2003/7/7,626.25
2003/7/14,613.75
2003/7/21,585.25
2003/7/28,561.75
2003/8/4,539.5
2003/8/11,542
2003/8/18,571.25
2003/8/25,567.75
2003/9/1,576.75
2003/9/8,579.75
2003/9/15,615.5
2003/9/22,610.75
2003/9/29,651
2003/10/6,677.25
2003/10/13,687.75
2003/10/20,741.5
2003/10/27,730.25
2003/11/3,782
2003/11/10,757
2003/11/17,777
2003/11/24,777
2003/12/1,746
2003/12/8,773.25
2003/12/15,787
2003/12/22,764.25
2003/12/29,741.25
2004/1/5,777.5
2004/1/12,796.25
2004/1/19,833
2004/1/26,828.25
2004/2/2,835.5
2004/2/9,802.5
2004/2/16,834.75
2004/2/23,851
2004/3/1,929.75
2004/3/8,931
2004/3/15,942
2004/3/22,989
2004/3/29,1052
2004/4/5,1016.25
2004/4/12,1009
2004/4/19,971.5
2004/4/26,952.75
2004/5/3,1003
2004/5/10,1038.25
2004/5/17,1053.5
2004/5/24,874
2004/5/31,882.25
2004/6/7,864
2004/6/14,852
2004/6/21,884
2004/6/28,887
2004/7/5,894.5
2004/7/12,979.5
2004/7/19,911
2004/7/26,725
2004/8/2,665.5
2004/8/9,599.5
2004/8/16,630.5
2004/8/23,591.75
2004/8/30,620
2004/9/6,627.25
2004/9/13,588
2004/9/20,560
2004/9/27,542.25
2004/10/4,531.5
2004/10/11,524
2004/10/18,513
2004/10/25,527.75
2004/11/1,539
2004/11/8,528
2004/11/15,510.5
2004/11/22,540.5
2004/11/29,561.25
2004/12/6,534.75
2004/12/13,522
2004/12/20,550.25
2004/12/27,549
2005/1/3,551.25
2005/1/10,529.75
2005/1/17,557.5
2005/1/24,513.5
2005/1/31,526
2005/2/7,507
2005/2/14,503.5
2005/2/21,535.25
2005/2/28,577
2005/3/7,605
2005/3/14,619.5
2005/3/21,681
2005/3/28,627.25
2005/4/4,624
2005/4/11,617.5
2005/4/18,617.5
2005/4/25,631
2005/5/2,636.75
2005/5/9,618.75
2005/5/16,628.25
2005/5/23,620.75
2005/5/30,645.5
2005/6/6,680.25
2005/6/13,674.75
2005/6/20,689.75
2005/6/27,735.25
2005/7/4,666.75
2005/7/11,712.25
2005/7/18,698.5
2005/7/25,682.5
2005/8/1,676
2005/8/8,689.5
2005/8/15,643
2005/8/22,616.75
2005/8/29,610.75
2005/9/5,599.75
2005/9/12,604.75
2005/9/19,576
2005/9/26,572
2005/10/3,557.5
2005/10/10,562.5
2005/10/17,563.5
2005/10/24,584.5
2005/10/31,578
2005/11/7,574.5
2005/11/14,574.25
2005/11/21,592.25
2005/11/28,572.25
2005/12/5,554
2005/12/12,564
2005/12/19,597.5
2005/12/26,605.25
2006/1/2,611.5
2006/1/9,617.5
2006/1/16,578.25
2006/1/23,571.25
2006/1/30,571.25
2006/2/6,594.25
2006/2/13,574
2006/2/20,583.25
2006/2/27,587.5
2006/3/6,580.25
2006/3/13,578
2006/3/20,574.75
2006/3/27,575.25
2006/4/3,581.5
2006/4/10,558.75
2006/4/17,562.5
2006/4/24,575.5
2006/5/1,579.5
2006/5/8,590.5
2006/5/15,592.5
2006/5/22,602.75
2006/5/29,586.75
2006/6/5,583.5
2006/6/12,593.5
2006/6/19,595.75
2006/6/26,585.25
2006/7/3,578
2006/7/10,594.5
2006/7/17,607
2006/7/24,589
2006/7/31,585.25
2006/8/7,573.5
2006/8/14,557.5
2006/8/21,556.5
2006/8/28,549.25
2006/9/4,537
2006/9/11,541.25
2006/9/18,527.25
2006/9/25,544.25
2006/10/2,546.75
2006/10/9,542.5
2006/10/16,560.5
2006/10/23,600.5
2006/10/30,623.5
2006/11/6,630.25
2006/11/13,654.75
2006/11/20,656
2006/11/27,673
2006/12/4,686.25
2006/12/11,664.25
2006/12/18,663
2006/12/25,653.5
2007/1/1,671.5
2007/1/8,669.25
2007/1/15,653.5
2007/1/22,708.5
2007/1/29,727.25
2007/2/5,721
2007/2/12,738.75
2007/2/19,755
2007/2/26,771
2007/3/5,763.5
2007/3/12,733
2007/3/19,744
2007/3/26,764.75
2007/4/2,757
2007/4/9,763.75
2007/4/16,742.5
2007/4/23,724
2007/4/30,709.75
2007/5/7,741.25
2007/5/14,726
2007/5/21,778
2007/5/28,793.25
2007/6/4,797.5
2007/6/11,828.25
2007/6/18,826.5
2007/6/25,829
2007/7/2,807
2007/7/9,850.5
2007/7/16,889
2007/7/23,833.75
2007/7/30,820.25
2007/8/6,834
2007/8/13,838.5
2007/8/20,850
2007/8/27,815.75
2007/9/3,855.25
2007/9/10,892.5
2007/9/17,905
2007/9/24,969.5
2007/10/1,973
2007/10/8,943.75
2007/10/15,950.25
2007/10/22,977.5
2007/10/29,981.75
2007/11/5,992
2007/11/12,1029.5
2007/11/19,1044.25
2007/11/26,1087
2007/12/3,1091
2007/12/10,1091.5
2007/12/17,1135.5
2007/12/24,1149.75
2007/12/31,1220.75
2008/1/7,1232.5
2008/1/14,1256.5
2008/1/21,1301.5
2008/1/28,1239.5
2008/2/4,1266.75
2008/2/11,1323
2008/2/18,1321
2008/2/25,1398.5
2008/3/3,1466.75
2008/3/10,1494
2008/3/17,1392.5
2008/3/24,1307
2008/3/31,1307
2008/4/7,1211
2008/4/14,1251.5
2008/4/21,1380
2008/4/28,1374.75
2008/5/5,1279.5
2008/5/12,1264.5
2008/5/19,1374.5
2008/5/26,1331.5
2008/6/2,1347.75
2008/6/9,1359.5
2008/6/16,1446.5
2008/6/23,1558
2008/6/30,1501
2008/7/7,1628
2008/7/14,1561
2008/7/21,1542
2008/7/28,1416.75
2008/8/4,1384.25
2008/8/11,1262.5
2008/8/18,1220
2008/8/25,1267
2008/9/1,1337.5
2008/9/8,1301.5
2008/9/15,1209
2008/9/22,1124
2008/9/29,1187
2008/10/6,1045
2008/10/13,926
2008/10/20,896
2008/10/27,908
2008/11/3,878.75
2008/11/10,949.5
2008/11/17,908
2008/11/24,902
2008/12/1,883
2008/12/8,827
2008/12/15,813
2008/12/22,858.5
2008/12/29,901
2009/1/5,945.75
2009/1/12,1014.25
2009/1/19,969.5
2009/1/26,992
2009/2/2,976
2009/2/9,946
2009/2/16,994
2009/2/23,903
2009/3/2,881
2009/3/9,863
2009/3/16,889
2009/3/23,913
2009/3/30,967
2009/4/6,952
2009/4/13,989.5
2009/4/20,1036
2009/4/27,1038
2009/5/4,989.5
2009/5/11,1116
2009/5/18,1137.5
2009/5/25,1162
2009/6/1,1185.5
2009/6/8,1209
2009/6/15,1243.5
2009/6/22,1201.25
2009/6/29,1179
2009/7/6,1226.25
2009/7/13,1133.5
2009/7/20,1074
2009/7/27,1014.5
2009/8/3,1054.5
2009/8/10,1165
2009/8/17,1216.5
2009/8/24,995.5
2009/8/31,1091
2009/9/7,1014
2009/9/14,969
2009/9/21,960
2009/9/28,922
2009/10/5,917
2009/10/12,910
2009/10/19,993
2009/10/26,982.5
2009/11/2,973.5
2009/11/9,1006.75
2009/11/16,961.5
2009/11/23,1029.5
2009/11/30,1051.25
2009/12/7,1054.5
2009/12/14,1037.5
2009/12/21,1053
2009/12/28,991.5
2010/1/4,1030
2010/1/11,1057
2010/1/18,967.75
2010/1/25,962
2010/2/1,943
2010/2/8,923.75
2010/2/15,923.5
2010/2/22,962.5
2010/3/1,957.75
2010/3/8,953.75
2010/3/15,940
2010/3/22,936.5
2010/3/29,960.75
2010/4/5,970.75
2010/4/12,944.5
2010/4/19,969.75
2010/4/26,987
2010/5/3,986.5
2010/5/10,983
2010/5/17,961
2010/5/24,942
2010/5/31,935.5
2010/6/7,932
2010/6/14,926.75
2010/6/21,953.5
2010/6/28,962
2010/7/5,951.25
2010/7/12,971
2010/7/19,1027.75
2010/7/26,1010.75
2010/8/2,1000
2010/8/9,1055.5
2010/8/16,1043.25
2010/8/23,1039.5
2010/8/30,1001.5
2010/9/6,1011.75
2010/9/13,1041
2010/9/20,1024.75
2010/9/27,1084.5
2010/10/4,1102.75
2010/10/11,1071.25
2010/10/18,1174.5
2010/10/25,1189.25
2010/11/1,1208.75
2010/11/8,1224.25
2010/11/15,1312.75
2010/11/22,1180.5
2010/11/29,1242.25
2010/12/6,1247.5
2010/12/13,1271
2010/12/20,1301.75
2010/12/27,1326
2011/1/3,1369.5
2011/1/10,1359.25
2011/1/17,1364.5
2011/1/24,1425.5
2011/1/31,1371
2011/2/7,1444.5
2011/2/14,1437
2011/2/21,1368
2011/2/28,1307.25
2011/3/7,1375
2011/3/14,1374.5
2011/3/21,1279.5
2011/3/28,1360.5
2011/4/4,1363
2011/4/11,1382.75
2011/4/18,1337.5
2011/4/25,1349.5
2011/5/2,1376
2011/5/9,1355.25
2011/5/16,1343.75
2011/5/23,1346
2011/5/30,1379
2011/6/6,1382.5
2011/6/13,1389.75
2011/6/20,1372.25
2011/6/27,1350
2011/7/4,1340
2011/7/11,1332.75
2011/7/18,1366.25
2011/7/25,1386
2011/8/1,1384.75
2011/8/8,1370
2011/8/15,1300.75
2011/8/22,1340
2011/8/29,1389.5
2011/9/5,1448.75
2011/9/12,1413.5
2011/9/19,1381.25
2011/9/26,1338
2011/10/3,1263
2011/10/10,1160
2011/10/17,1235.5
2011/10/24,1250.75
2011/10/31,1230.75
2011/11/7,1192.25
2011/11/14,1195.25
2011/11/21,1200.25
2011/11/28,1143.25
2011/12/5,1125
2011/12/12,1129.5
2011/12/19,1118.4
2011/12/26,1145
2012/1/2,1196.6
2012/1/9,1218.25
2012/1/16,1223.2
2012/1/23,1182.6
2012/1/30,1220
2012/2/6,1200.4
2012/2/13,1232
2012/2/20,1254.4
2012/2/27,1269.2
2012/3/5,1306
2012/3/12,1330.6
2012/3/19,1348.75
2012/3/26,1345
2012/4/2,1369.6
2012/4/9,1415.4
2012/4/16,1429.2
2012/4/23,1426.2
2012/4/30,1464
2012/5/7,1496
2012/5/14,1439
2012/5/21,1413.2
2012/5/28,1381.4
2012/6/4,1385.6
2012/6/11,1349.5
2012/6/18,1436.2
2012/6/25,1435.6
2012/7/2,1470.5
2012/7/9,1569
2012/7/16,1654
2012/7/23,1630
2012/7/30,1651.4
2012/8/6,1721
2012/8/13,1605.25
2012/8/20,1680
2012/8/27,1751
2012/9/3,1732.4
2012/9/10,1766.2
2012/9/17,1699.6
2012/9/24,1645.25
2012/10/1,1606
2012/10/8,1530.5
2012/10/15,1550
2012/10/22,1498
2012/10/29,1553.25
2012/11/5,1533.75
2012/11/12,1523.6
2012/11/19,1427
2012/11/26,1412.75
2012/12/3,1448.2
2012/12/10,1446.4
2012/12/17,1472
2012/12/24,1466
2012/12/31,1423.4
2013/1/7,1405.5
2013/1/14,1413.75
2013/1/21,1414.6
2013/1/28,1449.5
2013/2/4,1451
2013/2/11,1496
2013/2/18,1421
2013/2/25,1470
2013/3/4,1448.5
2013/3/11,1495
2013/3/18,1488.75
2013/3/25,1405.5
2013/4/1,1447
2013/4/8,1393.5
2013/4/15,1393
2013/4/22,1409.5
2013/4/29,1418
2013/5/6,1468.5
2013/5/13,1463.75
2013/5/20,1525
2013/5/27,1477
2013/6/3,1508
2013/6/10,1528.5
2013/6/17,1540
2013/6/24,1511.5
2013/7/1,1525.5
2013/7/8,1573
2013/7/15,1612
2013/7/22,1476
2013/7/29,1460
2013/8/5,1349
2013/8/12,1321
2013/8/19,1358
2013/8/26,1309
2013/9/2,1413
2013/9/9,1435
2013/9/16,1405
2013/9/23,1341.5
2013/9/30,1312
2013/10/7,1265
2013/10/14,1288
2013/10/21,1267.25
2013/10/28,1299.5
2013/11/4,1278.5
2013/11/11,1258
2013/11/18,1320.5
2013/11/25,1278.5
2013/12/2,1328.75
2013/12/9,1319.5
2013/12/16,1338
2013/12/23,1344.5
2013/12/30,1333
2014/1/6,1311
2014/1/13,1300
2014/1/20,1339
2014/1/27,1280.5
2014/2/3,1285.5
2014/2/10,1312.5
2014/2/17,1336
2014/2/24,1362.5
2014/3/3,1398
2014/3/10,1417
2014/3/17,1413.75
2014/3/24,1417
2014/3/31,1427.5
2014/4/7,1483.5
2014/4/14,1481.5
2014/4/21,1500.5
2014/4/28,1480
2014/5/5,1522.5
2014/5/12,1463
2014/5/19,1503
2014/5/26,1468
2014/6/2,1488
2014/6/9,1481.5
2014/6/16,1461.5
2014/6/23,1398
2014/6/30,1413
2014/7/7,1400
2014/7/14,1332
2014/7/21,1180
2014/7/28,1183
2014/8/4,1226
2014/8/11,1220
2014/8/18,1292
2014/8/25,1119.5
2014/9/1,1088
2014/9/8,1097.5
2014/9/15,1076
2014/9/22,981.5
2014/9/29,937
2014/10/6,911.75
2014/10/13,940
2014/10/20,964.5
2014/10/27,964
2014/11/3,1007
2014/11/10,1014.25
2014/11/17,1068
2014/11/24,1024
2014/12/1,1049
2014/12/8,996
2014/12/15,1047.5
2014/12/22,1022.5
2014/12/29,1036
2015/1/5,1035.5
2015/1/12,1048
2015/1/19,1001
2015/1/26,982.5
2015/2/2,974
2015/2/9,986.5
2015/2/16,969.5
2015/2/23,1008.5
2015/3/2,1015.5
2015/3/9,1009
2015/3/16,980.5
2015/3/23,957
2015/3/30,981
2015/4/6,974
2015/4/13,971
2015/4/20,959.5
2015/4/27,974
2015/5/4,977
2015/5/11,993.5
2015/5/18,969
2015/5/25,947
2015/6/1,921.75
2015/6/8,941
2015/6/15,950.5
2015/6/22,956.5
2015/6/29,986.5
2015/7/6,1056
2015/7/13,1001.5
2015/7/20,1039
2015/7/27,1017.75
2015/8/3,975.25
2015/8/10,975.25
2015/8/17,1013.75
2015/8/24,913.25
2015/8/31,893.75
2015/9/7,884.75
2015/9/14,889.75
2015/9/21,889.75
2015/9/28,862.5
2015/10/5,884.25
2015/10/12,887.5
2015/10/19,912
2015/10/26,896
2015/11/2,891
2015/11/9,879
2015/11/16,866
2015/11/23,863.5
2015/11/30,863.75
2015/12/7,889
2015/12/14,876.25
2015/12/21,866.5
2015/12/28,885.25
2016/1/4,869.75
2016/1/11,867.75
2016/1/18,891
2016/1/25,881.25
2016/2/1,876
2016/2/8,886
2016/2/15,863.25
2016/2/22,878.75
2016/2/29,869
2016/3/7,851.25
2016/3/14,877.5
2016/3/21,892
2016/3/28,910
2016/4/4,916
2016/4/11,904.25
2016/4/18,937
2016/4/25,982.25
2016/5/2,1017.75
2016/5/9,1020
2016/5/16,1076.25
2016/5/23,1078.75
2016/5/30,1054.25
2016/6/6,1078.5
2016/6/13,1137
2016/6/20,1169.5
2016/6/27,1123.5
2016/7/4,1150.75
2016/7/11,1113.25
2016/7/18,1107
2016/7/25,1043.75
2016/8/1,991
2016/8/8,986
2016/8/15,1023
2016/8/22,1020.5
2016/8/29,1032
2016/9/5,967.25
2016/9/12,973
2016/9/19,969
2016/9/26,988.25
2016/10/3,951.75
2016/10/10,965
2016/10/17,953
2016/10/24,972
2016/10/31,989.75
2016/11/7,983
2016/11/14,1000.5
2016/11/21,991.75
2016/11/28,1029
2016/12/5,1041
2016/12/12,1047.75
2016/12/19,1027.75
2016/12/26,1005
2017/1/2,1014
2017/1/9,987.5
2017/1/16,1004.75
2017/1/23,1067
2017/1/30,1053
2017/2/6,1024
2017/2/13,1041.25
2017/2/20,1045.5
2017/2/27,1026.25
2017/3/6,1026
2017/3/13,1016
2017/3/20,991.75
2017/3/27,1000.75
2017/4/3,970.5
2017/4/10,937.75
2017/4/17,943.25
2017/4/24,945.25
2017/5/1,956.5
2017/5/8,956
2017/5/15,965
2017/5/22,975.75
2017/5/29,948.25
2017/6/5,912.25
2017/6/12,924.5
2017/6/19,932
2017/6/26,928
2017/7/3,903.5
2017/7/10,978
2017/7/17,1025.75
2017/7/24,990
2017/7/31,980.75
2017/8/7,958.25
2017/8/14,962.5
2017/8/21,922.75
2017/8/28,933.75
2017/9/4,929.5
2017/9/11,961.25
2017/9/18,942.5
2017/9/25,965
2017/10/2,962.5
2017/10/9,955.25
2017/10/16,965.5
2017/10/23,985
2017/10/30,976
2017/11/6,975
2017/11/13,985.5
2017/11/20,958.5
2017/11/27,988
2017/12/4,992.25
2017/12/11,1008.5
2017/12/18,975
2017/12/25,955.25
2018/1/1,958
2018/1/8,955.5
2018/1/15,955
2018/1/22,966
2018/1/29,985.25
2018/2/5,1000
2018/2/12,986.75
2018/2/19,1008.75
2018/2/26,1026.5
2018/3/5,1037.5
2018/3/12,1065
2018/3/19,1039.25
2018/3/26,1027.25
2018/4/2,1017.25
2018/4/9,1037.25
2018/4/16,1047.5
2018/4/23,1045
2018/4/30,1021.25
2018/5/7,1042
2018/5/14,1010.75
2018/5/21,1017
2018/5/28,1030
2018/6/4,1030
2018/6/11,1002
2018/6/18,954
2018/6/25,890
