1975/1/6,4.30 
1975/1/13,4.13 
1975/1/20,4.43 
1975/1/27,3.95 
1975/2/3,4.26 
1975/2/10,4.12 
1975/2/17,4.33 
1975/2/24,4.55 
1975/3/3,4.40 
1975/3/10,4.28 
1975/3/17,4.52 
1975/3/24,4.31 
1975/3/31,4.19 
1975/4/7,4.29 
1975/4/14,4.10 
1975/4/21,4.09 
1975/4/28,4.23 
1975/5/5,4.40 
1975/5/12,4.44 
1975/5/19,4.63 
1975/5/26,4.59 
1975/6/2,4.55 
1975/6/9,4.47 
1975/6/16,4.54 
1975/6/23,4.50 
1975/6/30,4.57 
1975/7/7,4.56 
1975/7/14,4.62 
1975/7/21,4.67 
1975/7/28,4.71 
1975/8/4,5.02 
1975/8/11,5.12 
1975/8/18,5.10 
1975/8/25,4.91 
1975/9/1,4.70 
1975/9/8,4.37 
1975/9/15,4.52 
1975/9/22,4.57 
1975/9/29,4.41 
1975/10/6,4.53 
1975/10/13,4.48 
1975/10/20,4.38 
1975/10/27,4.32 
1975/11/3,4.25 
1975/11/10,4.41 
1975/11/17,4.43 
1975/11/24,4.32 
1975/12/1,4.23 
1975/12/8,4.12 
1975/12/15,3.96 
1975/12/22,4.03 
1975/12/29,4.25 
1976/1/5,4.18 
1976/1/12,4.30 
1976/1/19,4.12 
1976/1/26,3.84 
1976/2/2,3.89 
1976/2/9,3.97 
1976/2/16,4.12 
1976/2/23,4.10 
1976/3/1,4.24 
1976/3/8,4.12 
1976/3/15,4.27 
1976/3/22,4.15 
1976/3/29,4.18 
1976/4/5,4.08 
1976/4/12,4.19 
1976/4/19,4.42 
1976/4/26,4.52 
1976/5/3,4.52 
1976/5/10,4.32 
1976/5/17,4.49 
1976/5/24,4.39 
1976/5/31,4.51 
1976/6/7,4.72 
1976/6/14,4.79 
1976/6/21,4.84 
1976/6/28,4.92 
1976/7/5,4.81 
1976/7/12,5.14 
1976/7/19,4.88 
1976/7/26,4.48 
1976/8/2,4.58 
1976/8/9,4.28 
1976/8/16,4.27 
1976/8/23,4.24 
1976/8/30,4.07 
1976/9/6,4.08 
1976/9/13,4.42 
1976/9/20,4.18 
1976/9/27,4.34 
1976/10/4,4.41 
1976/10/11,4.32 
1976/10/18,4.19 
1976/10/25,4.18 
1976/11/1,4.17 
1976/11/8,4.31 
1976/11/15,4.45 
1976/11/22,4.40 
1976/11/29,4.36 
1976/12/6,4.27 
1976/12/13,4.30 
1976/12/20,4.39 
1976/12/27,4.38 
1977/1/3,4.35 
1977/1/10,4.42 
1977/1/17,4.33 
1977/1/24,4.39 
1977/1/31,4.51 
1977/2/7,4.47 
1977/2/14,4.54 
1977/2/21,4.48 
1977/2/28,4.56 
1977/3/7,4.76 
1977/3/14,4.85 
1977/3/21,4.87 
1977/3/28,4.91 
1977/4/4,4.84 
1977/4/11,4.72 
1977/4/18,4.75 
1977/4/25,4.84 
1977/5/2,4.76 
1977/5/9,4.75 
1977/5/16,4.78 
1977/5/23,4.73 
1977/5/30,4.60 
1977/6/6,4.57 
1977/6/13,4.53 
1977/6/20,4.34 
1977/6/27,4.42 
1977/7/4,4.47 
1977/7/11,4.40 
1977/7/18,4.46 
1977/7/25,4.59 
1977/8/1,4.60 
1977/8/8,4.55 
1977/8/15,4.56 
1977/8/22,4.37 
1977/8/29,4.39 
1977/9/5,4.46 
1977/9/12,4.47 
1977/9/19,4.44 
1977/9/26,4.61 
1977/10/3,4.61 
1977/10/10,4.72 
1977/10/17,4.83 
1977/10/24,4.86 
1977/10/31,4.92 
1977/11/7,4.89 
1977/11/14,4.95 
1977/11/21,4.83 
1977/11/28,4.68 
1977/12/5,4.75 
1977/12/12,4.74 
1977/12/19,4.66 
1977/12/26,4.70 
1978/1/2,4.76 
1978/1/9,4.92 
1978/1/16,4.91 
1978/1/23,4.93 
1978/1/30,5.01 
1978/2/6,5.00 
1978/2/13,4.85 
1978/2/20,4.91 
1978/2/27,5.04 
1978/3/6,4.96 
1978/3/13,5.26 
1978/3/20,5.39 
1978/3/27,5.19 
1978/4/3,5.36 
1978/4/10,5.25 
1978/4/17,5.35 
1978/4/24,5.08 
1978/5/1,4.91 
1978/5/8,4.99 
1978/5/15,5.02 
1978/5/22,5.13 
1978/5/29,5.20 
1978/6/5,5.43 
1978/6/12,5.37 
1978/6/19,5.33 
1978/6/26,5.37 
1978/7/3,5.36 
1978/7/10,5.25 
1978/7/17,5.27 
1978/7/24,5.23 
1978/7/31,5.51 
1978/8/7,5.59 
1978/8/14,5.56 
1978/8/21,5.63 
1978/8/28,5.39 
1978/9/4,5.48 
1978/9/11,5.57 
1978/9/18,5.48 
1978/9/25,5.54 
1978/10/2,5.63 
1978/10/9,5.88 
1978/10/16,5.97 
1978/10/23,5.99 
1978/10/30,5.90 
1978/11/6,6.22 
1978/11/13,5.87 
1978/11/20,5.91 
1978/11/27,5.98 
1978/12/4,5.90 
1978/12/11,5.88 
1978/12/18,5.90 
1978/12/25,6.01 
1979/1/1,5.99 
1979/1/8,6.00 
1979/1/15,6.00 
1979/1/22,6.21 
1979/1/29,6.37 
1979/2/5,6.75 
1979/2/12,7.23 
1979/2/19,7.16 
1979/2/26,7.84 
1979/3/5,7.75 
1979/3/12,7.40 
1979/3/19,7.14 
1979/3/26,7.35 
1979/4/2,7.61 
1979/4/9,7.39 
1979/4/16,7.60 
1979/4/23,7.42 
1979/4/30,7.45 
1979/5/7,7.91 
1979/5/14,8.14 
1979/5/21,8.35 
1979/5/28,8.71 
1979/6/4,8.67 
1979/6/11,8.63 
1979/6/18,8.40 
1979/6/25,8.63 
1979/7/2,8.54 
1979/7/9,8.71 
1979/7/16,9.12 
1979/7/23,9.38 
1979/7/30,9.43 
1979/8/6,9.07 
1979/8/13,8.79 
1979/8/20,9.17 
1979/8/27,9.35 
1979/9/3,10.13 
1979/9/10,11.02 
1979/9/17,12.64 
1979/9/24,15.90 
1979/10/1,15.83 
1979/10/8,17.30 
1979/10/15,16.71 
1979/10/22,11.42 
1979/10/29,17.55 
1979/11/5,16.60 
1979/11/12,16.87 
1979/11/19,15.99 
1979/11/26,16.30 
1979/12/3,16.81 
1979/12/10,19.78 
1979/12/17,19.99 
1979/12/24,23.70 
1979/12/31,25.50 
1980/1/7,38.85 
1980/1/14,31.91 
1980/1/21,46.30 
1980/1/28,34.00 
1980/2/4,36.50 
1980/2/11,34.75 
1980/2/18,38.60 
1980/2/25,35.00 
1980/3/3,33.60 
1980/3/10,36.15 
1980/3/17,29.10 
1980/3/24,17.80 
1980/3/31,20.20 
1980/4/7,18.05 
1980/4/14,16.35 
1980/4/21,14.45 
1980/4/28,13.65 
1980/5/5,13.68 
1980/5/12,12.90 
1980/5/19,12.98 
1980/5/26,11.70 
1980/6/2,13.50 
1980/6/9,14.75 
1980/6/16,16.65 
1980/6/23,15.80 
1980/6/30,15.80 
1980/7/7,16.81 
1980/7/14,16.80 
1980/7/21,15.18 
1980/7/28,16.10 
1980/8/4,15.92 
1980/8/11,16.07 
1980/8/18,15.85 
1980/8/25,15.93 
1980/9/1,16.08 
1980/9/8,16.34 
1980/9/15,18.94 
1980/9/22,21.00 
1980/9/29,23.30 
1980/10/6,21.25 
1980/10/13,21.13 
1980/10/20,21.65 
1980/10/27,20.09 
1980/11/3,18.95 
1980/11/10,19.15 
1980/11/17,17.90 
1980/11/24,18.65 
1980/12/1,18.58 
1980/12/8,18.31 
1980/12/15,16.50 
1980/12/22,14.79 
1980/12/29,16.65 
1981/1/5,15.24 
1981/1/12,16.29 
1981/1/19,14.98 
1981/1/26,15.35 
1981/2/2,13.44 
1981/2/9,13.12 
1981/2/16,13.60 
1981/2/23,13.15 
1981/3/2,12.96 
1981/3/9,12.08 
1981/3/16,12.00 
1981/3/23,12.76 
1981/3/30,13.16 
1981/4/6,12.03 
1981/4/13,11.92 
1981/4/20,11.38 
1981/4/27,11.54 
1981/5/4,11.17 
1981/5/11,10.95 
1981/5/18,11.00 
1981/5/25,10.96 
1981/6/1,10.27 
1981/6/8,10.67 
1981/6/15,10.08 
1981/6/22,10.18 
1981/6/29,10.19 
1981/7/6,8.56 
1981/7/13,8.49 
1981/7/20,8.72 
1981/7/27,8.69 
1981/8/3,8.65 
1981/8/10,8.39 
1981/8/17,9.12 
1981/8/24,9.50 
1981/8/31,8.77 
1981/9/7,9.35 
1981/9/14,10.08 
1981/9/21,11.16 
1981/9/28,10.23 
1981/10/5,9.28 
1981/10/12,9.68 
1981/10/19,9.78 
1981/10/26,9.18 
1981/11/2,9.22 
1981/11/9,9.24 
1981/11/16,8.75 
1981/11/23,8.29 
1981/11/30,8.07 
1981/12/7,8.10 
1981/12/14,8.77 
1981/12/21,8.67 
1981/12/28,8.28 
1982/1/4,8.21 
1982/1/11,8.33 
1982/1/18,8.10 
1982/1/25,7.83 
1982/2/1,7.94 
1982/2/8,8.23 
1982/2/15,8.55 
1982/2/22,8.51 
1982/3/1,7.84 
1982/3/8,7.81 
1982/3/15,7.16 
1982/3/22,7.04 
1982/3/29,7.18 
1982/4/5,7.12 
1982/4/12,7.67 
1982/4/19,7.48 
1982/4/26,7.20 
1982/5/3,7.16 
1982/5/10,6.88 
1982/5/17,6.69 
1982/5/24,6.71 
1982/5/31,6.52 
1982/6/7,6.08 
1982/6/14,6.10 
1982/6/21,5.45 
1982/6/28,5.05 
1982/7/5,5.83 
1982/7/12,5.64 
1982/7/19,6.55 
1982/7/26,6.94 
1982/8/2,7.31 
1982/8/9,6.95 
1982/8/16,6.26 
1982/8/23,6.60 
1982/8/30,7.76 
1982/9/6,7.87 
1982/9/13,9.20 
1982/9/20,8.75 
1982/9/27,9.02 
1982/10/4,8.65 
1982/10/11,8.16 
1982/10/18,9.73 
1982/10/25,10.02 
1982/11/1,9.80 
1982/11/8,10.53 
1982/11/15,10.28 
1982/11/22,9.81 
1982/11/29,8.98 
1982/12/6,10.09 
1982/12/13,11.05 
1982/12/20,10.11 
1982/12/27,10.81 
1983/1/3,10.93 
1983/1/10,11.05 
1983/1/17,12.02 
1983/1/24,13.12 
1983/1/31,13.08 
1983/2/7,14.08 
1983/2/14,13.88 
1983/2/21,14.70 
1983/2/28,14.06 
1983/3/7,10.30 
1983/3/14,10.61 
1983/3/21,11.06 
1983/3/28,10.50 
1983/4/4,10.68 
1983/4/11,11.28 
1983/4/18,11.32 
1983/4/25,12.15 
1983/5/2,12.33 
1983/5/9,12.37 
1983/5/16,13.13 
1983/5/23,13.49 
1983/5/30,13.19 
1983/6/6,13.10 
1983/6/13,11.18 
1983/6/20,11.69 
1983/6/27,12.02 
1983/7/4,11.39 
1983/7/11,11.47 
1983/7/18,12.31 
1983/7/25,12.17 
1983/8/1,12.46 
1983/8/8,12.03 
1983/8/15,11.61 
1983/8/22,12.37 
1983/8/29,12.69 
1983/9/5,12.16 
1983/9/12,12.17 
1983/9/19,11.77 
1983/9/26,11.87 
1983/10/3,11.92 
1983/10/10,10.26 
1983/10/17,10.53 
1983/10/24,10.18 
1983/10/31,9.68 
1983/11/7,8.74 
1983/11/14,9.05 
1983/11/21,9.10 
1983/11/28,8.57 
1983/12/5,9.43 
1983/12/12,9.60 
1983/12/19,9.39 
1983/12/26,8.73 
1984/1/2,8.81 
1984/1/9,8.61 
1984/1/16,8.00 
1984/1/23,8.06 
1984/1/30,8.08 
1984/2/6,8.66 
1984/2/13,8.84 
1984/2/20,9.13 
1984/2/27,9.27 
1984/3/5,9.64 
1984/3/12,10.00 
1984/3/19,9.76 
1984/3/26,9.64 
1984/4/2,9.53 
1984/4/9,9.43 
1984/4/16,9.33 
1984/4/23,9.27 
1984/4/30,9.27 
1984/5/7,9.01 
1984/5/14,8.68 
1984/5/21,8.89 
1984/5/28,9.11 
1984/6/4,9.25 
1984/6/11,9.46 
1984/6/18,8.74 
1984/6/25,8.60 
1984/7/2,8.39 
1984/7/9,8.15 
1984/7/16,7.45 
1984/7/23,7.38 
1984/7/30,7.13 
1984/8/6,7.09 
1984/8/13,7.56 
1984/8/20,8.06 
1984/8/27,7.46 
1984/9/3,7.61 
1984/9/10,7.12 
1984/9/17,7.18 
1984/9/24,7.10 
1984/10/1,7.61 
1984/10/8,7.75 
1984/10/15,7.24 
1984/10/22,7.34 
1984/10/29,7.43 
1984/11/5,7.23 
1984/11/12,7.62 
1984/11/19,7.66 
1984/11/26,7.56 
1984/12/3,7.12 
1984/12/10,7.07 
1984/12/17,6.75 
1984/12/24,6.30 
1984/12/31,6.57 
1985/1/7,6.11 
1985/1/14,5.87 
1985/1/21,6.02 
1985/1/28,6.11 
1985/2/4,6.33 
1985/2/11,6.22 
1985/2/18,6.23 
1985/2/25,6.30 
1985/3/4,5.68 
1985/3/11,5.67 
1985/3/18,5.61 
1985/3/25,6.84 
1985/4/1,6.46 
1985/4/8,6.60 
1985/4/15,6.65 
1985/4/22,6.51 
1985/4/29,6.20 
1985/5/6,6.17 
1985/5/13,6.32 
1985/5/20,6.57 
1985/5/27,6.22 
1985/6/3,5.99 
1985/6/10,6.14 
1985/6/17,6.18 
1985/6/24,6.50 
1985/7/1,6.16 
1985/7/8,5.90 
1985/7/15,6.03 
1985/7/22,6.19 
1985/7/29,6.09 
1985/8/5,6.32 
1985/8/12,6.17 
1985/8/19,6.34 
1985/8/26,6.28 
1985/9/2,6.35 
1985/9/9,6.01 
1985/9/16,6.05 
1985/9/23,5.92 
1985/9/30,6.17 
1985/10/7,6.13 
1985/10/14,6.36 
1985/10/21,6.31 
1985/10/28,6.26 
1985/11/4,6.25 
1985/11/11,6.13 
1985/11/18,6.17 
1985/11/25,6.11 
1985/12/2,6.25 
1985/12/9,6.06 
1985/12/16,5.80 
1985/12/23,5.78 
1985/12/30,5.80 
1986/1/6,5.83 
1986/1/13,5.90 
1986/1/20,6.01 
1986/1/27,6.18 
1986/2/3,6.15 
1986/2/10,5.88 
1986/2/17,5.97 
1986/2/24,5.90 
1986/3/3,5.90 
1986/3/10,5.63 
1986/3/17,5.68 
1986/3/24,5.71 
1986/3/31,5.56 
1986/4/7,5.07 
1986/4/14,5.40 
1986/4/21,5.42 
1986/4/28,5.16 
1986/5/5,5.06 
1986/5/12,5.19 
1986/5/19,5.09 
1986/5/26,4.94 
1986/6/2,5.14 
1986/6/9,5.17 
1986/6/16,5.37 
1986/6/23,5.08 
1986/6/30,5.10 
1986/7/7,5.10 
1986/7/14,5.13 
1986/7/21,5.07 
1986/7/28,5.00 
1986/8/4,5.01 
1986/8/11,5.22 
1986/8/18,5.42 
1986/8/25,5.13 
1986/9/1,5.12 
1986/9/8,5.43 
1986/9/15,5.69 
1986/9/22,5.79 
1986/9/29,5.94 
1986/10/6,5.63 
1986/10/13,5.75 
1986/10/20,5.64 
1986/10/27,5.81 
1986/11/3,5.68 
1986/11/10,5.76 
1986/11/17,5.78 
1986/11/24,5.57 
1986/12/1,5.31 
1986/12/8,5.35 
1986/12/15,5.32 
1986/12/22,5.36 
1986/12/29,5.29 
1987/1/5,5.28 
1987/1/12,5.38 
1987/1/19,5.54 
1987/1/26,5.48 
1987/2/2,5.68 
1987/2/9,5.54 
1987/2/16,5.58 
1987/2/23,5.41 
1987/3/2,5.46 
1987/3/9,5.47 
1987/3/16,5.56 
1987/3/23,5.55 
1987/3/30,5.76 
1987/4/6,6.22 
1987/4/13,6.77 
1987/4/20,7.28 
1987/4/27,7.87 
1987/5/4,7.65 
1987/5/11,8.65 
1987/5/18,8.81 
1987/5/25,9.36 
1987/6/1,7.52 
1987/6/8,7.83 
1987/6/15,7.91 
1987/6/22,7.50 
1987/6/29,6.90 
1987/7/6,7.31 
1987/7/13,7.48 
1987/7/20,7.60 
1987/7/27,7.70 
1987/8/3,7.95 
1987/8/10,8.88 
1987/8/17,7.86 
1987/8/24,7.73 
1987/8/31,7.69 
1987/9/7,7.33 
1987/9/14,7.48 
1987/9/21,7.62 
1987/9/28,7.60 
1987/10/5,7.76 
1987/10/12,7.74 
1987/10/19,7.80 
1987/10/26,7.29 
1987/11/2,7.41 
1987/11/9,6.84 
1987/11/16,6.53 
1987/11/23,6.73 
1987/11/30,6.92 
1987/12/7,6.93 
1987/12/14,6.72 
1987/12/21,6.65 
1987/12/28,6.81 
1988/1/4,6.71 
1988/1/11,6.85 
1988/1/18,6.74 
1988/1/25,6.69 
1988/2/1,6.61 
1988/2/8,6.56 
1988/2/15,6.29 
1988/2/22,6.38 
1988/2/29,6.30 
1988/3/7,6.22 
1988/3/14,6.31 
1988/3/21,6.37 
1988/3/28,6.47 
1988/4/4,6.71 
1988/4/11,6.73 
1988/4/18,6.47 
1988/4/25,6.51 
1988/5/2,6.43 
1988/5/9,6.34 
1988/5/16,6.60 
1988/5/23,6.56 
1988/5/30,6.77 
1988/6/6,6.65 
1988/6/13,7.28 
1988/6/20,7.07 
1988/6/27,7.20 
1988/7/4,6.76 
1988/7/11,6.77 
1988/7/18,6.97 
1988/7/25,7.73 
1988/8/1,6.88 
1988/8/8,6.84 
1988/8/15,6.63 
1988/8/22,6.64 
1988/8/29,6.74 
1988/9/5,6.49 
1988/9/12,6.49 
1988/9/19,6.48 
1988/9/26,6.25 
1988/10/3,6.17 
1988/10/10,6.34 
1988/10/17,6.28 
1988/10/24,6.43 
1988/10/31,6.28 
1988/11/7,6.34 
1988/11/14,6.43 
1988/11/21,6.39 
1988/11/28,6.08 
1988/12/5,6.03 
1988/12/12,6.16 
1988/12/19,6.17 
1988/12/26,6.09 
1989/1/2,6.15 
1989/1/9,6.02 
1989/1/16,5.92 
1989/1/23,5.94 
1989/1/30,6.13 
1989/2/6,5.84 
1989/2/13,5.89 
1989/2/20,5.85 
1989/2/27,5.94 
1989/3/6,5.82 
1989/3/13,5.87 
1989/3/20,6.18 
1989/3/27,6.06 
1989/4/3,5.79 
1989/4/10,5.86 
1989/4/17,5.86 
1989/4/24,5.78 
1989/5/1,5.80 
1989/5/8,5.62 
1989/5/15,5.67 
1989/5/22,5.50 
1989/5/29,5.17 
1989/6/5,5.28 
1989/6/12,5.47 
1989/6/19,5.25 
1989/6/26,5.25 
1989/7/3,5.31 
1989/7/10,5.39 
1989/7/17,5.26 
1989/7/24,5.24 
1989/7/31,5.21 
1989/8/7,5.29 
1989/8/14,5.19 
1989/8/21,5.27 
1989/8/28,5.24 
1989/9/4,5.09 
1989/9/11,5.06 
1989/9/18,5.07 
1989/9/25,5.06 
1989/10/2,5.26 
1989/10/9,5.30 
1989/10/16,5.10 
1989/10/23,5.16 
1989/10/30,5.20 
1989/11/6,5.22 
1989/11/13,5.30 
1989/11/20,5.41 
1989/11/27,5.85 
1989/12/4,5.70 
1989/12/11,5.53 
1989/12/18,5.67 
1989/12/25,5.53 
1990/1/1,5.51 
1990/1/8,5.15 
1990/1/15,5.23 
1990/1/22,5.23 
1990/1/29,5.29 
1990/2/5,5.25 
1990/2/12,5.34 
1990/2/19,5.33 
1990/2/26,5.34 
1990/3/5,5.08 
1990/3/12,5.12 
1990/3/19,5.06 
1990/3/26,5.04 
1990/4/2,4.95 
1990/4/9,5.04 
1990/4/16,5.11 
1990/4/23,5.11 
1990/4/30,5.00 
1990/5/7,5.01 
1990/5/14,4.99 
1990/5/21,5.01 
1990/5/28,5.28 
1990/6/4,5.14 
1990/6/11,5.10 
1990/6/18,5.04 
1990/6/25,4.83 
1990/7/2,4.83 
1990/7/9,4.92 
1990/7/16,4.81 
1990/7/23,4.81 
1990/7/30,4.81 
1990/8/6,4.82 
1990/8/13,4.89 
1990/8/20,5.22 
1990/8/27,5.11 
1990/9/3,4.84 
1990/9/10,4.72 
1990/9/17,4.78 
1990/9/24,4.79 
1990/10/1,4.83 
1990/10/8,4.75 
1990/10/15,4.65 
1990/10/22,4.19 
1990/10/29,4.26 
1990/11/5,4.25 
1990/11/12,4.26 
1990/11/19,4.21 
1990/11/26,4.11 
1990/12/3,4.10 
1990/12/10,4.15 
1990/12/17,4.07 
1990/12/24,3.96 
1990/12/31,4.10 
1991/1/7,4.11 
1991/1/14,4.13 
1991/1/21,4.18 
1991/1/28,4.00 
1991/2/4,3.84 
1991/2/11,3.86 
1991/2/18,3.72 
1991/2/25,3.69 
1991/3/4,3.56 
1991/3/11,3.84 
1991/3/18,4.01 
1991/3/25,4.02 
1991/4/1,3.88 
1991/4/8,4.01 
1991/4/15,4.03 
1991/4/22,4.02 
1991/4/29,3.94 
1991/5/6,3.97 
1991/5/13,4.04 
1991/5/20,4.05 
1991/5/27,4.04 
1991/6/3,4.15 
1991/6/10,4.16 
1991/6/17,4.51 
1991/6/24,4.46 
1991/7/1,4.38 
1991/7/8,4.41 
1991/7/15,4.43 
1991/7/22,4.37 
1991/7/29,4.26 
1991/8/5,4.07 
1991/8/12,3.96 
1991/8/19,3.94 
1991/8/26,3.95 
1991/9/2,3.91 
1991/9/9,3.91 
1991/9/16,3.98 
1991/9/23,4.06 
1991/9/30,4.25 
1991/10/7,4.20 
1991/10/14,4.09 
1991/10/21,4.08 
1991/10/28,4.16 
1991/11/4,4.12 
1991/11/11,4.06 
1991/11/18,4.04 
1991/11/25,4.07 
1991/12/2,4.08 
1991/12/9,4.01 
1991/12/16,3.98 
1991/12/23,3.83 
1991/12/30,3.90 
1992/1/6,3.88 
1992/1/13,3.92 
1992/1/20,4.08 
1992/1/27,4.26 
1992/2/3,4.17 
1992/2/10,4.17 
1992/2/17,4.18 
1992/2/24,4.06 
1992/3/2,4.07 
1992/3/9,4.10 
1992/3/16,4.14 
1992/3/23,4.05 
1992/3/30,4.09 
1992/4/6,4.14 
1992/4/13,4.08 
1992/4/20,4.11 
1992/4/27,4.00 
1992/5/4,3.94 
1992/5/11,4.05 
1992/5/18,4.09 
1992/5/25,4.08 
1992/6/1,4.09 
1992/6/8,4.08 
1992/6/15,4.05 
1992/6/22,4.10 
1992/6/29,4.03 
1992/7/6,4.03 
1992/7/13,3.87 
1992/7/20,3.94 
1992/7/27,3.94 
1992/8/3,3.94 
1992/8/10,3.88 
1992/8/17,3.90 
1992/8/24,3.78 
1992/8/31,3.70 
1992/9/7,3.71 
1992/9/14,3.71 
1992/9/21,3.81 
1992/9/28,3.83 
1992/10/5,3.75 
1992/10/12,3.76 
1992/10/19,3.72 
1992/10/26,3.79 
1992/11/2,3.75 
1992/11/9,3.78 
1992/11/16,3.65 
1992/11/23,3.76 
1992/11/30,3.75 
1992/12/7,3.73 
1992/12/14,3.74 
1992/12/21,3.69 
1992/12/28,3.68 
1993/1/4,3.65 
1993/1/11,3.68 
1993/1/18,3.68 
1993/1/25,3.68 
1993/2/1,3.69 
1993/2/8,3.67 
1993/2/15,3.70 
1993/2/22,3.71 
1993/3/1,3.58 
1993/3/8,3.56 
1993/3/15,3.56 
1993/3/22,3.65 
1993/3/29,3.65 
1993/4/5,3.90 
1993/4/12,3.86 
1993/4/19,3.88 
1993/4/26,3.93 
1993/5/3,4.09 
1993/5/10,4.27 
1993/5/17,4.25 
1993/5/24,4.61 
1993/5/31,4.63 
1993/6/7,4.41 
1993/6/14,4.40 
1993/6/21,4.29 
1993/6/28,4.26 
1993/7/5,4.56 
1993/7/12,5.10 
1993/7/19,5.04 
1993/7/26,5.04 
1993/8/2,5.07 
1993/8/9,5.39 
1993/8/16,4.76 
1993/8/23,4.71 
1993/8/30,4.73 
1993/9/6,4.84 
1993/9/13,4.26 
1993/9/20,3.97 
1993/9/27,4.19 
1993/10/4,4.08 
1993/10/11,4.09 
1993/10/18,4.44 
1993/10/25,4.43 
1993/11/1,4.40 
1993/11/8,4.19 
1993/11/15,4.53 
1993/11/22,4.56 
1993/11/29,4.66 
1993/12/6,4.42 
1993/12/13,4.91 
1993/12/20,5.09 
1993/12/27,5.06 
1994/1/3,5.08 
1994/1/10,5.20 
1994/1/17,5.11 
1994/1/24,5.33 
1994/1/31,5.09 
1994/2/7,5.29 
1994/2/14,5.27 
1994/2/21,5.26 
1994/2/28,5.22 
1994/3/7,5.27 
1994/3/14,5.21 
1994/3/21,5.46 
1994/3/28,5.59 
1994/4/4,5.64 
1994/4/11,5.56 
1994/4/18,5.31 
1994/4/25,5.21 
1994/5/2,5.18 
1994/5/9,5.24 
1994/5/16,5.28 
1994/5/23,5.51 
1994/5/30,5.60 
1994/6/6,5.55 
1994/6/13,5.30 
1994/6/20,5.39 
1994/6/27,5.60 
1994/7/4,5.29 
1994/7/11,5.32 
1994/7/18,5.24 
1994/7/25,5.32 
1994/8/1,5.31 
1994/8/8,5.21 
1994/8/15,5.14 
1994/8/22,5.11 
1994/8/29,5.21 
1994/9/5,5.37 
1994/9/12,5.47 
1994/9/19,5.46 
1994/9/26,5.61 
1994/10/3,5.71 
1994/10/10,5.64 
1994/10/17,5.53 
1994/10/24,5.38 
1994/10/31,5.32 
1994/11/7,5.30 
1994/11/14,5.23 
1994/11/21,5.22 
1994/11/28,5.14 
1994/12/5,5.05 
1994/12/12,4.63 
1994/12/19,4.73 
1994/12/26,4.81 
1995/1/2,4.78 
1995/1/9,4.72 
1995/1/16,4.65 
1995/1/23,4.85 
1995/1/30,4.81 
1995/2/6,4.66 
1995/2/13,4.66 
1995/2/20,4.76 
1995/2/27,4.74 
1995/3/6,4.51 
1995/3/13,4.65 
1995/3/20,4.68 
1995/3/27,4.58 
1995/4/3,4.74 
1995/4/10,5.30 
1995/4/17,5.34 
1995/4/24,5.87 
1995/5/1,5.72 
1995/5/8,5.90 
1995/5/15,5.45 
1995/5/22,5.40 
1995/5/29,5.38 
1995/6/5,5.30 
1995/6/12,5.31 
1995/6/19,5.36 
1995/6/26,5.47 
1995/7/3,5.31 
1995/7/10,5.03 
1995/7/17,5.13 
1995/7/24,5.31 
1995/7/31,5.14 
1995/8/7,5.16 
1995/8/14,5.25 
1995/8/21,5.35 
1995/8/28,5.66 
1995/9/4,5.52 
1995/9/11,5.19 
1995/9/18,5.49 
1995/9/25,5.46 
1995/10/2,5.44 
1995/10/9,5.31 
1995/10/16,5.45 
1995/10/23,5.36 
1995/10/30,5.37 
1995/11/6,5.36 
1995/11/13,5.37 
1995/11/20,5.32 
1995/11/27,5.28 
1995/12/4,5.20 
1995/12/11,5.20 
1995/12/18,5.13 
1995/12/25,5.10 
1996/1/1,5.14 
1996/1/8,5.34 
1996/1/15,5.51 
1996/1/22,5.45 
1996/1/29,5.54 
1996/2/5,5.56 
1996/2/12,5.78 
1996/2/19,5.72 
1996/2/26,5.53 
1996/3/4,5.45 
1996/3/11,5.35 
1996/3/18,5.55 
1996/3/25,5.50 
1996/4/1,5.68 
1996/4/8,5.52 
1996/4/15,5.47 
1996/4/22,5.29 
1996/4/29,5.32 
1996/5/6,5.29 
1996/5/13,5.47 
1996/5/20,5.36 
1996/5/27,5.27 
1996/6/3,5.33 
1996/6/10,5.19 
1996/6/17,5.10 
1996/6/24,5.18 
1996/7/1,5.15 
1996/7/8,5.06 
1996/7/15,5.07 
1996/7/22,4.90 
1996/7/29,4.94 
1996/8/5,5.07 
1996/8/12,5.04 
1996/8/19,5.09 
1996/8/26,5.21 
1996/9/2,5.24 
1996/9/9,5.13 
1996/9/16,5.07 
1996/9/23,5.02 
1996/9/30,4.88 
1996/10/7,4.91 
1996/10/14,4.90 
1996/10/21,5.05 
1996/10/28,4.99 
1996/11/4,4.82 
1996/11/11,4.79 
1996/11/18,4.88 
1996/11/25,4.87 
1996/12/2,4.71 
1996/12/9,4.78 
1996/12/16,4.81 
1996/12/23,4.84 
1996/12/30,4.82 
1997/1/6,4.74 
1997/1/13,4.67 
1997/1/20,4.64 
1997/1/27,4.69 
1997/2/3,4.94 
1997/2/10,4.86 
1997/2/17,4.84 
1997/2/24,5.22 
1997/3/3,5.23 
1997/3/10,5.22 
1997/3/17,5.25 
1997/3/24,5.17 
1997/3/31,5.09 
1997/4/7,5.01 
1997/4/14,4.78 
1997/4/21,4.71 
1997/4/28,4.72 
1997/5/5,4.62 
1997/5/12,4.69 
1997/5/19,4.84 
1997/5/26,4.68 
1997/6/2,4.72 
1997/6/9,4.73 
1997/6/16,4.75 
1997/6/23,4.76 
1997/6/30,4.75 
1997/7/7,4.63 
1997/7/14,4.30 
1997/7/21,4.27 
1997/7/28,4.28 
1997/8/4,4.30 
1997/8/11,4.32 
1997/8/18,4.43 
1997/8/25,4.51 
1997/9/1,4.66 
1997/9/8,4.60 
1997/9/15,4.70 
1997/9/22,4.57 
1997/9/29,4.65 
1997/10/6,5.23 
1997/10/13,5.20 
1997/10/20,5.08 
1997/10/27,4.98 
1997/11/3,4.81 
1997/11/10,4.85 
1997/11/17,4.91 
1997/11/24,5.10 
1997/12/1,5.22 
1997/12/8,5.28 
1997/12/15,5.40 
1997/12/22,5.91 
1997/12/29,6.20 
1998/1/5,6.13 
1998/1/12,6.02 
1998/1/19,5.65 
1998/1/26,5.64 
1998/2/2,6.07 
1998/2/9,6.62 
1998/2/16,7.10 
1998/2/23,6.77 
1998/3/2,6.34 
1998/3/9,6.34 
1998/3/16,6.27 
1998/3/23,5.80 
1998/3/30,6.32 
1998/4/6,6.47 
1998/4/13,6.38 
1998/4/20,6.27 
1998/4/27,6.29 
1998/5/4,6.12 
1998/5/11,6.07 
1998/5/18,5.54 
1998/5/25,5.15 
1998/6/1,5.09 
1998/6/8,5.17 
1998/6/15,5.32 
1998/6/22,5.18 
1998/6/29,5.34 
1998/7/6,5.51 
1998/7/13,5.37 
1998/7/20,5.29 
1998/7/27,5.51 
1998/8/3,5.65 
1998/8/10,5.45 
1998/8/17,5.18 
1998/8/24,5.07 
1998/8/31,5.01 
1998/9/7,4.73 
1998/9/14,4.85 
1998/9/21,4.91 
1998/9/28,4.85 
1998/10/5,5.36 
1998/10/12,5.09 
1998/10/19,4.84 
1998/10/26,4.89 
1998/11/2,4.95 
1998/11/9,4.92 
1998/11/16,4.99 
1998/11/23,4.93 
1998/11/30,4.88 
1998/12/7,4.85 
1998/12/14,4.76 
1998/12/21,4.84 
1998/12/28,4.87 
1999/1/4,5.01 
1999/1/11,5.00 
1999/1/18,5.21 
1999/1/25,5.11 
1999/2/1,5.10 
1999/2/8,5.47 
1999/2/15,5.51 
1999/2/22,5.45 
1999/3/1,5.46 
1999/3/8,5.33 
1999/3/15,5.25 
1999/3/22,5.06 
1999/3/29,5.11 
1999/4/5,5.00 
1999/4/12,4.95 
1999/4/19,4.91 
1999/4/26,5.13 
1999/5/3,5.18 
1999/5/10,5.30 
1999/5/17,5.38 
1999/5/24,5.31 
1999/5/31,5.04 
1999/6/7,4.99 
1999/6/14,4.94 
1999/6/21,5.05 
1999/6/28,5.04 
1999/7/5,5.21 
1999/7/12,5.23 
1999/7/19,5.15 
1999/7/26,5.06 
1999/8/2,5.17 
1999/8/9,5.46 
1999/8/16,5.34 
1999/8/23,5.27 
1999/8/30,5.15 
1999/9/6,5.15 
1999/9/13,5.17 
1999/9/20,5.11 
1999/9/27,5.25 
1999/10/4,5.74 
1999/10/11,5.56 
1999/10/18,5.57 
1999/10/25,5.22 
1999/11/1,5.21 
1999/11/8,5.23 
1999/11/15,5.09 
1999/11/22,5.17 
1999/11/29,5.29 
1999/12/6,5.18 
1999/12/13,5.14 
1999/12/20,5.18 
1999/12/27,5.15 
2000/1/3,5.18 
2000/1/10,5.34 
2000/1/17,5.15 
2000/1/24,5.13 
2000/1/31,5.28 
2000/2/7,5.25 
2000/2/14,5.34 
2000/2/21,5.26 
2000/2/28,5.29 
2000/3/6,5.05 
2000/3/13,5.07 
2000/3/20,5.09 
2000/3/27,5.12 
2000/4/3,5.08 
2000/4/10,5.17 
2000/4/17,5.15 
2000/4/24,5.14 
2000/5/1,5.02 
2000/5/8,5.03 
2000/5/15,5.04 
2000/5/22,5.11 
2000/5/29,5.02 
2000/6/5,4.95 
2000/6/12,5.11 
2000/6/19,5.03 
2000/6/26,5.04 
2000/7/3,4.96 
2000/7/10,4.99 
2000/7/17,4.96 
2000/7/24,5.02 
2000/7/31,4.99 
2000/8/7,5.03 
2000/8/14,4.94 
2000/8/21,4.88 
2000/8/28,4.85 
2000/9/4,4.95 
2000/9/11,5.00 
2000/9/18,4.91 
2000/9/25,4.88 
2000/10/2,4.93 
2000/10/9,4.96 
2000/10/16,4.96 
2000/10/23,4.89 
2000/10/30,4.83 
2000/11/6,4.78 
2000/11/13,4.75 
2000/11/20,4.70 
2000/11/27,4.63 
2000/12/4,4.70 
2000/12/11,4.70 
2000/12/18,4.66 
2000/12/25,4.59 
2001/1/1,4.62 
2001/1/8,4.55 
2001/1/15,4.55 
2001/1/22,4.68 
2001/1/29,4.78 
2001/2/5,4.82 
2001/2/12,4.67 
2001/2/19,4.55 
2001/2/26,4.42 
2001/3/5,4.41 
2001/3/12,4.41 
2001/3/19,4.42 
2001/3/26,4.33 
2001/4/2,4.41 
2001/4/9,4.31 
2001/4/16,4.33 
2001/4/23,4.37 
2001/4/30,4.45 
2001/5/7,4.35 
2001/5/14,4.30 
2001/5/21,4.30 
2001/5/28,4.54 
2001/6/4,4.52 
2001/6/11,4.34 
2001/6/18,4.38 
2001/6/25,4.40 
2001/7/2,4.35 
2001/7/9,4.24 
2001/7/16,4.24 
2001/7/23,4.23 
2001/7/30,4.24 
2001/8/6,4.23 
2001/8/13,4.17 
2001/8/20,4.20 
2001/8/27,4.19 
2001/9/3,4.18 
2001/9/10,4.14 
2001/9/17,4.18 
2001/9/24,4.44 
2001/10/1,4.52 
2001/10/8,4.65 
2001/10/15,4.55 
2001/10/22,4.35 
2001/10/29,4.24 
2001/11/5,4.26 
2001/11/12,4.12 
2001/11/19,4.14 
2001/11/26,4.05 
2001/12/3,4.04 
2001/12/10,4.13 
2001/12/17,4.26 
2001/12/24,4.42 
2001/12/31,4.54 
2002/1/7,4.53 
2002/1/14,4.63 
2002/1/21,4.55 
2002/1/28,4.28 
2002/2/4,4.29 
2002/2/11,4.40 
2002/2/18,4.49 
2002/2/25,4.47 
2002/3/4,4.42 
2002/3/11,4.54 
2002/3/18,4.49 
2002/3/25,4.51 
2002/4/1,4.58 
2002/4/8,4.75 
2002/4/15,4.56 
2002/4/22,4.41 
2002/4/29,4.57 
2002/5/6,4.53 
2002/5/13,4.62 
2002/5/20,4.60 
2002/5/27,4.83 
2002/6/3,4.87 
2002/6/10,5.13 
2002/6/17,4.88 
2002/6/24,4.85 
2002/7/1,4.83 
2002/7/8,4.93 
2002/7/15,5.04 
2002/7/22,5.02 
2002/7/29,4.87 
2002/8/5,4.66 
2002/8/12,4.61 
2002/8/19,4.58 
2002/8/26,4.44 
2002/9/2,4.50 
2002/9/9,4.45 
2002/9/16,4.56 
2002/9/23,4.58 
2002/9/30,4.65 
2002/10/7,4.49 
2002/10/14,4.37 
2002/10/21,4.32 
2002/10/28,4.41 
2002/11/4,4.51 
2002/11/11,4.50 
2002/11/18,4.60 
2002/11/25,4.55 
2002/12/2,4.43 
2002/12/9,4.53 
2002/12/16,4.61 
2002/12/23,4.64 
2002/12/30,4.66 
2003/1/6,4.80 
2003/1/13,4.80 
2003/1/20,4.75 
2003/1/27,4.81 
2003/2/3,4.87 
2003/2/10,4.92 
2003/2/17,4.57 
2003/2/24,4.56 
2003/3/3,4.64 
2003/3/10,4.66 
2003/3/17,4.68 
2003/3/24,4.45 
2003/3/31,4.39 
2003/4/7,4.44 
2003/4/14,4.48 
2003/4/21,4.52 
2003/4/28,4.60 
2003/5/5,4.55 
2003/5/12,4.79 
2003/5/19,4.81 
2003/5/26,4.76 
2003/6/2,4.62 
2003/6/9,4.51 
2003/6/16,4.47 
2003/6/23,4.61 
2003/6/30,4.52 
2003/7/7,4.57 
2003/7/14,4.74 
2003/7/21,4.65 
2003/7/28,4.78 
2003/8/4,5.16 
2003/8/11,4.94 
2003/8/18,4.86 
2003/8/25,5.00 
2003/9/1,5.00 
2003/9/8,4.99 
2003/9/15,5.25 
2003/9/22,5.21 
2003/9/29,5.24 
2003/10/6,5.14 
2003/10/13,4.88 
2003/10/20,4.93 
2003/10/27,5.07 
2003/11/3,5.10 
2003/11/10,5.03 
2003/11/17,5.07 
2003/11/24,5.37 
2003/12/1,5.30 
2003/12/8,5.50 
2003/12/15,5.64 
2003/12/22,5.63 
2003/12/29,5.74 
2004/1/5,5.98 
2004/1/12,6.32 
2004/1/19,6.59 
2004/1/26,6.32 
2004/2/2,6.55 
2004/2/9,6.12 
2004/2/16,6.39 
2004/2/23,6.78 
2004/3/1,6.62 
2004/3/8,6.71 
2004/3/15,7.17 
2004/3/22,7.16 
2004/3/29,7.70 
2004/4/5,7.78 
2004/4/12,8.22 
2004/4/19,7.45 
2004/4/26,6.95 
2004/5/3,6.24 
2004/5/10,6.04 
2004/5/17,5.51 
2004/5/24,5.67 
2004/5/31,6.08 
2004/6/7,6.06 
2004/6/14,5.77 
2004/6/21,5.74 
2004/6/28,5.87 
2004/7/5,5.85 
2004/7/12,5.96 
2004/7/19,6.38 
2004/7/26,6.60 
2004/8/2,6.24 
2004/8/9,6.69 
2004/8/16,6.72 
2004/8/23,6.73 
2004/8/30,6.58 
2004/9/6,6.77 
2004/9/13,6.20 
2004/9/20,6.20 
2004/9/27,6.35 
2004/10/4,6.59 
2004/10/11,7.10 
2004/10/18,7.06 
2004/10/25,7.20 
2004/11/1,7.34 
2004/11/8,7.02 
2004/11/15,7.54 
2004/11/22,7.59 
2004/11/29,7.56 
2004/12/6,7.72 
2004/12/13,7.84 
2004/12/20,6.72 
2004/12/27,6.90 
2005/1/3,7.03 
2005/1/10,6.43 
2005/1/17,6.62 
2005/1/24,6.64 
2005/1/31,6.67 
2005/2/7,6.73 
2005/2/14,6.56 
2005/2/21,7.36 
2005/2/28,7.52 
2005/3/7,7.23 
2005/3/14,7.50 
2005/3/21,7.38 
2005/3/28,7.07 
2005/4/4,7.01 
2005/4/11,7.04 
2005/4/18,7.16 
2005/4/25,7.25 
2005/5/2,7.26 
2005/5/9,6.85 
2005/5/16,7.10 
2005/5/23,7.03 
2005/5/30,6.99 
2005/6/6,7.45 
2005/6/13,7.45 
2005/6/20,7.28 
2005/6/27,7.29 
2005/7/4,7.10 
2005/7/11,6.83 
2005/7/18,7.05 
2005/7/25,6.95 
2005/8/1,6.99 
2005/8/8,7.26 
2005/8/15,7.04 
2005/8/22,7.04 
2005/8/29,6.97 
2005/9/5,6.69 
2005/9/12,7.03 
2005/9/19,6.94 
2005/9/26,7.32 
2005/10/3,7.27 
2005/10/10,7.43 
2005/10/17,7.88 
2005/10/24,7.84 
2005/10/31,7.83 
2005/11/7,7.47 
2005/11/14,7.63 
2005/11/21,7.79 
2005/11/28,8.17 
2005/12/5,8.30 
2005/12/12,8.69 
2005/12/19,8.50 
2005/12/26,8.31 
2006/1/2,8.74 
2006/1/9,9.09 
2006/1/16,8.96 
2006/1/23,9.02 
2006/1/30,9.18 
2006/2/6,9.89 
2006/2/13,9.41 
2006/2/20,9.32 
2006/2/27,9.55 
2006/3/6,9.72 
2006/3/13,10.04 
2006/3/20,10.18 
2006/3/27,10.52 
2006/4/3,10.83 
2006/4/10,11.73 
2006/4/17,12.60 
2006/4/24,13.79 
2006/5/1,12.56 
2006/5/8,14.11 
2006/5/15,14.37 
2006/5/22,13.45 
2006/5/29,13.10 
2006/6/5,13.07 
2006/6/12,11.85 
2006/6/19,9.63 
2006/6/26,10.27 
2006/7/3,10.20 
2006/7/10,11.34 
2006/7/17,11.47 
2006/7/24,10.46 
2006/7/31,10.90 
2006/8/7,11.74 
2006/8/14,12.26 
2006/8/21,12.09 
2006/8/28,12.27 
2006/9/4,12.15 
2006/9/11,13.01 
2006/9/18,11.03 
2006/9/25,10.83 
2006/10/2,11.40 
2006/10/9,11.05 
2006/10/16,11.22 
2006/10/23,11.78 
2006/10/30,11.85 
2006/11/6,12.27 
2006/11/13,12.68 
2006/11/20,12.89 
2006/11/27,13.09 
2006/12/4,13.62 
2006/12/11,13.85 
2006/12/18,13.81 
2006/12/25,12.57 
2007/1/1,12.60 
2007/1/8,12.56 
2007/1/15,12.50 
2007/1/22,12.54 
2007/1/29,13.19 
2007/2/5,13.38 
2007/2/12,13.68 
2007/2/19,13.92 
2007/2/26,13.83 
2007/3/5,14.55 
2007/3/12,12.88 
2007/3/19,12.86 
2007/3/26,13.29 
2007/4/2,13.21 
2007/4/9,13.43 
2007/4/16,13.93 
2007/4/23,14.02 
2007/4/30,13.78 
2007/5/7,13.25 
2007/5/14,13.49 
2007/5/21,13.23 
2007/5/28,12.92 
2007/6/4,13.16 
2007/6/11,13.81 
2007/6/18,13.09 
2007/6/25,13.33 
2007/7/2,12.28 
2007/7/9,12.57 
2007/7/16,12.87 
2007/7/23,12.92 
2007/7/30,13.36 
2007/8/6,13.02 
2007/8/13,13.10 
2007/8/20,12.75 
2007/8/27,11.51 
2007/9/3,11.77 
2007/9/10,12.28 
2007/9/17,12.67 
2007/9/24,12.77 
2007/10/1,13.48 
2007/10/8,13.45 
2007/10/15,13.58 
2007/10/22,13.66 
2007/10/29,13.65 
2007/11/5,14.33 
2007/11/12,15.38 
2007/11/19,14.61 
2007/11/26,14.50 
2007/12/3,14.49 
2007/12/10,14.27 
2007/12/17,14.70 
2007/12/24,14.01 
2007/12/31,14.70 
2008/1/7,15.17 
2008/1/14,15.71 
2008/1/21,16.21 
2008/1/28,16.03 
2008/2/4,16.75 
2008/2/11,16.35 
2008/2/18,17.25 
2008/2/25,17.51 
2008/3/3,18.72 
2008/3/10,19.74 
2008/3/17,19.68 
2008/3/24,19.89 
2008/3/31,17.76 
2008/4/7,16.89 
2008/4/14,17.71 
2008/4/21,17.85 
2008/4/28,17.71 
2008/5/5,16.54 
2008/5/12,16.78 
2008/5/19,16.76 
2008/5/26,17.67 
2008/6/2,17.43 
2008/6/9,16.84 
2008/6/16,16.64 
2008/6/23,17.08 
2008/6/30,16.63 
2008/7/7,18.20 
2008/7/14,17.88 
2008/7/21,18.94 
2008/7/28,17.95 
2008/8/4,17.33 
2008/8/11,16.57 
2008/8/18,14.49 
2008/8/25,13.11 
2008/9/1,13.58 
2008/9/8,13.05 
2008/9/15,11.64 
2008/9/22,10.46 
2008/9/29,13.12 
2008/10/6,12.28 
2008/10/13,11.38 
2008/10/20,11.06 
2008/10/27,10.08 
2008/11/3,8.79 
2008/11/10,10.22 
2008/11/17,9.93 
2008/11/24,9.63 
2008/12/1,10.35 
2008/12/8,9.66 
2008/12/15,9.92 
2008/12/22,10.76 
2008/12/29,10.30 
2009/1/5,11.01 
2009/1/12,11.49 
2009/1/19,10.73 
2009/1/26,11.21 
2009/2/2,12.22 
2009/2/9,12.36 
2009/2/16,13.21 
2009/2/23,14.10 
2009/3/2,14.07 
2009/3/9,12.75 
2009/3/16,12.58 
2009/3/23,12.73 
2009/3/30,13.41 
2009/4/6,13.04 
2009/4/13,12.27 
2009/4/20,12.82 
2009/4/27,12.12 
2009/5/4,12.46 
2009/5/11,13.46 
2009/5/18,14.26 
2009/5/25,14.17 
2009/6/1,14.65 
2009/6/8,16.02 
2009/6/15,15.16 
2009/6/22,14.15 
2009/6/29,13.86 
2009/7/6,13.59 
2009/7/13,13.21 
2009/7/20,12.86 
2009/7/27,13.47 
2009/8/3,13.73 
2009/8/10,14.69 
2009/8/17,14.34 
2009/8/24,13.99 
2009/8/31,14.31 
2009/9/7,15.04 
2009/9/14,16.49 
2009/9/21,16.98 
2009/9/28,17.09 
2009/10/5,16.16 
2009/10/12,17.27 
2009/10/19,17.83 
2009/10/26,17.56 
2009/11/2,16.54 
2009/11/9,17.22 
2009/11/16,17.32 
2009/11/23,18.39 
2009/11/30,18.57 
2009/12/7,19.13 
2009/12/14,17.75 
2009/12/21,17.40 
2009/12/28,17.01 
2010/1/4,17.13 
2010/1/11,17.85 
2010/1/18,18.28 
2010/1/25,18.67 
2010/2/1,16.83 
2010/2/8,16.71 
2010/2/15,15.44 
2010/2/22,16.28 
2010/3/1,15.87 
2010/3/8,16.90 
2010/3/15,17.35 
2010/3/22,17.35 
2010/3/29,16.93 
2010/4/5,17.50 
2010/4/12,18.00 
2010/4/19,18.32 
2010/4/26,17.39 
2010/5/3,18.22 
2010/5/10,17.65 
2010/5/17,19.35 
2010/5/24,18.78 
2010/5/31,17.58 
2010/6/7,18.47 
2010/6/14,18.28 
2010/6/21,18.60 
2010/6/28,18.79 
2010/7/5,18.52 
2010/7/12,17.80 
2010/7/19,18.24 
2010/7/26,17.70 
2010/8/2,17.67 
2010/8/9,18.57 
2010/8/16,18.31 
2010/8/23,18.51 
2010/8/30,18.40 
2010/9/6,19.34 
2010/9/13,19.88 
2010/9/20,20.38 
2010/9/27,20.83 
2010/10/4,21.65 
2010/10/11,23.18 
2010/10/18,23.48 
2010/10/25,23.64 
2010/11/1,24.24 
2010/11/8,25.25 
2010/11/15,27.26 
2010/11/22,25.91 
2010/11/29,26.70 
2010/12/6,28.12 
2010/12/13,28.69 
2010/12/20,29.55 
2010/12/27,29.35 
2011/1/3,30.29 
2011/1/10,29.66 
2011/1/17,29.56 
2011/1/24,28.86 
2011/1/31,26.83 
2011/2/7,28.56 
2011/2/14,30.10 
2011/2/21,30.71 
2011/2/28,33.07 
2011/3/7,34.55 
2011/3/14,36.13 
2011/3/21,34.40 
2011/3/28,36.41 
2011/4/4,36.96 
2011/4/11,39.31 
2011/4/18,40.21 
2011/4/25,43.24 
2011/5/2,44.76 
2011/5/9,41.10 
2011/5/16,38.77 
2011/5/23,33.68 
2011/5/30,36.66 
2011/6/6,38.22 
2011/6/13,36.98 
2011/6/20,35.65 
2011/6/27,36.55 
2011/7/4,34.04 
2011/7/11,35.37 
2011/7/18,36.28 
2011/7/25,39.01 
2011/8/1,40.75 
2011/8/8,40.59 
2011/8/15,37.63 
2011/8/22,39.82 
2011/8/29,42.28 
2011/9/5,41.40 
2011/9/12,41.82 
2011/9/19,41.12 
2011/9/26,39.92 
2011/10/3,31.50 
2011/10/10,30.63 
2011/10/17,31.96 
2011/10/24,30.75 
2011/10/31,33.03 
2011/11/7,32.72 
2011/11/14,35.14 
2011/11/21,34.45 
2011/11/28,32.95 
2011/12/5,31.85 
2011/12/12,32.67 
2011/12/19,30.60 
2011/12/26,29.49 
2012/1/2,28.97 
2012/1/9,29.53 
2012/1/16,29.90 
2012/1/23,30.13 
2012/1/30,32.01 
2012/2/6,33.08 
2012/2/13,34.29 
2012/2/20,33.69 
2012/2/27,34.36 
2012/3/5,36.85 
2012/3/12,32.93 
2012/3/19,33.54 
2012/3/26,32.25 
2012/4/2,32.60 
2012/4/9,32.60 
2012/4/16,31.67 
2012/4/23,31.67 
2012/4/30,30.78 
2012/5/7,30.93 
2012/5/14,29.80 
2012/5/21,27.64 
2012/5/28,28.49 
2012/6/4,28.22 
2012/6/11,28.39 
2012/6/18,28.92 
2012/6/25,28.37 
2012/7/2,27.04 
2012/7/9,28.22 
2012/7/16,26.76 
2012/7/23,27.29 
2012/7/30,26.78 
2012/8/6,27.90 
2012/8/13,28.08 
2012/8/20,27.76 
2012/8/27,29.26 
2012/9/3,30.87 
2012/9/10,31.90 
2012/9/17,33.42 
2012/9/24,34.64 
2012/10/1,34.12 
2012/10/8,34.65 
2012/10/15,33.95 
2012/10/22,32.97 
2012/10/29,31.77 
2012/11/5,31.79 
2012/11/12,31.99 
2012/11/19,32.48 
2012/11/26,32.99 
2012/12/3,34.05 
2012/12/10,32.73 
2012/12/17,32.94 
2012/12/24,31.60 
2012/12/31,30.20 
2013/1/7,30.95 
2013/1/14,30.31 
2013/1/21,31.33 
2013/1/28,32.23 
2013/2/4,31.07 
2013/2/11,31.67 
2013/2/18,31.08 
2013/2/25,30.00 
2013/3/4,29.26 
2013/3/11,28.58 
2013/3/18,29.13 
2013/3/25,28.84 
2013/4/1,28.58 
2013/4/8,27.17 
2013/4/15,27.89 
2013/4/22,23.46 
2013/4/29,22.79 
2013/5/6,24.20 
2013/5/13,23.85 
2013/5/20,23.33 
2013/5/27,22.43 
2013/6/3,22.18 
2013/6/10,22.33 
2013/6/17,21.71 
2013/6/24,21.68 
2013/7/1,19.60 
2013/7/8,19.32 
2013/7/15,19.21 
2013/7/22,19.97 
2013/7/29,20.42 
2013/8/5,19.70 
2013/8/12,19.53 
2013/8/19,21.65 
2013/8/26,23.07 
2013/9/2,24.64 
2013/9/9,24.26 
2013/9/16,22.97 
2013/9/23,21.71 
2013/9/30,21.78 
2013/10/7,21.15 
2013/10/14,22.37 
2013/10/21,21.18 
2013/10/28,22.48 
2013/11/4,22.40 
2013/11/11,21.67 
2013/11/18,20.65 
2013/11/25,20.32 
2013/12/2,19.93 
2013/12/9,19.10 
2013/12/16,20.30 
2013/12/23,19.80 
2013/12/30,19.41 
2014/1/6,18.94 
2014/1/13,19.85 
2014/1/20,20.20 
2014/1/27,19.83 
2014/2/3,19.76 
2014/2/10,19.40 
2014/2/17,20.17 
2014/2/24,21.88 
2014/3/3,21.96 
2014/3/10,21.19 
2014/3/17,20.80 
2014/3/24,20.71 
2014/3/31,20.06 
2014/4/7,19.67 
2014/4/14,20.05 
2014/4/21,19.48 
2014/4/28,19.40 
2014/5/5,19.41 
2014/5/12,19.60 
2014/5/19,19.53 
2014/5/26,19.37 
2014/6/2,19.08 
2014/6/9,18.77 
2014/6/16,19.54 
2014/6/23,19.85 
2014/6/30,20.91 
2014/7/7,21.11 
2014/7/14,21.04 
2014/7/21,20.70 
2014/7/28,20.96 
2014/8/4,20.59 
2014/8/11,20.03 
2014/8/18,19.87 
2014/8/25,19.42 
2014/9/1,19.50 
2014/9/8,19.11 
2014/9/15,18.90 
2014/9/22,18.68 
2014/9/29,17.71 
2014/10/6,17.00 
2014/10/13,17.11 
2014/10/20,17.50 
2014/10/27,17.50 
2014/11/3,16.34 
2014/11/10,15.93 
2014/11/17,15.72 
2014/11/24,16.48 
2014/12/1,16.47 
2014/12/8,16.36 
2014/12/15,17.01 
2014/12/22,16.16 
2014/12/29,15.68 
2015/1/5,16.27 
2015/1/12,16.51 
2015/1/19,17.00 
2015/1/26,18.00 
2015/2/2,18.11 
2015/2/9,17.52 
2015/2/16,16.84 
2015/2/23,16.34 
2015/3/2,16.53 
2015/3/9,16.19 
2015/3/16,15.67 
2015/3/23,15.55 
2015/3/30,16.98 
2015/4/6,16.62 
2015/4/13,16.40 
2015/4/20,16.29 
2015/4/27,15.92 
2015/5/4,16.53 
2015/5/11,16.52 
2015/5/18,16.31 
2015/5/25,17.71 
2015/6/1,16.75 
2015/6/8,16.37 
2015/6/15,15.97 
2015/6/22,16.10 
2015/6/29,15.83 
2015/7/6,15.67 
2015/7/13,14.97 
2015/7/20,15.33 
2015/7/27,14.83 
2015/8/3,14.64 
2015/8/10,14.58 
2015/8/17,15.24 
2015/8/24,15.51 
2015/8/31,14.66 
2015/9/7,14.55 
2015/9/14,14.75 
2015/9/21,14.27 
2015/9/28,14.78 
2015/10/5,14.60 
2015/10/12,15.99 
2015/10/19,15.86 
2015/10/26,15.89 
2015/11/2,15.85 
2015/11/9,15.39 
2015/11/16,14.31 
2015/11/23,14.14 
2015/11/30,14.28 
2015/12/7,14.13 
2015/12/14,14.11 
2015/12/21,13.64 
2015/12/28,14.26 
2016/1/4,14.02 
2016/1/11,14.00 
2016/1/18,13.79 
2016/1/25,14.07 
2016/2/1,14.39 
2016/2/8,14.26 
2016/2/15,15.37 
2016/2/22,15.39 
2016/2/29,15.19 
2016/3/7,14.84 
2016/3/14,15.37 
2016/3/21,15.30 
2016/3/28,15.89 
2016/4/4,15.16 
2016/4/11,15.80 
2016/4/18,16.15 
2016/4/25,16.80 
2016/5/2,17.58 
2016/5/9,17.44 
2016/5/16,17.12 
2016/5/23,17.26 
2016/5/30,16.26 
2016/6/6,15.98 
2016/6/13,16.37 
2016/6/20,17.49 
2016/6/27,17.24 
2016/7/4,18.34 
2016/7/11,20.00 
2016/7/18,20.19 
2016/7/25,19.96 
2016/8/1,19.66 
2016/8/8,20.75 
2016/8/15,20.19 
2016/8/22,20.06 
2016/8/29,18.93 
2016/9/5,18.57 
2016/9/12,20.03 
2016/9/19,18.82 
2016/9/26,19.14 
2016/10/3,19.12 
2016/10/10,18.00 
2016/10/17,17.65 
2016/10/24,17.59 
2016/10/31,17.66 
2016/11/7,18.42 
2016/11/14,18.35 
2016/11/21,17.05 
2016/11/28,16.26 
2016/12/5,16.59 
2016/12/12,16.77 
2016/12/19,16.86 
2016/12/26,16.03 
2017/1/2,15.84 
2017/1/9,16.44 
2017/1/16,16.80 
2017/1/23,17.10 
2017/1/30,16.94 
2017/2/6,17.56 
2017/2/13,17.64 
2017/2/20,17.93 
2017/2/27,17.96 
2017/3/6,18.31 
2017/3/13,17.48 
2017/3/20,16.96 
2017/3/27,17.53 
2017/4/3,18.14 
2017/4/10,18.17 
2017/4/17,18.28 
2017/4/24,18.26 
2017/5/1,17.57 
2017/5/8,16.78 
2017/5/15,16.13 
2017/5/22,16.78 
2017/5/29,17.02 
2017/6/5,17.36 
2017/6/12,17.62 
2017/6/19,16.74 
2017/6/26,16.44 
2017/7/3,16.72 
2017/7/10,16.00 
2017/7/17,15.75 
2017/7/24,16.21 
2017/7/31,16.41 
2017/8/7,16.69 
2017/8/14,16.42 
2017/8/21,16.71 
2017/8/28,17.06 
2017/9/4,17.39 
2017/9/11,17.90 
2017/9/18,17.87 
2017/9/25,17.27 
2017/10/2,16.78 
2017/10/9,16.58 
2017/10/16,17.15 
2017/10/23,17.00 
2017/10/30,16.95 
2017/11/6,16.66 
2017/11/13,16.93 
2017/11/20,16.91 
2017/11/27,16.93 
2017/12/4,17.03 
2017/12/11,16.03 
2017/12/18,15.60 
2017/12/25,16.08 
2018/1/1,16.48 
2018/1/8,17.13 
2018/1/15,16.95 
2018/1/22,17.32 
2018/1/29,17.53 
2018/2/5,17.06 
2018/2/12,16.55 
2018/2/26,16.57 
2018/3/5,16.35 
2018/3/12,16.75 
2018/3/19,16.52 
2018/3/26,16.12 
2018/4/2,16.51 
2018/4/9,16.45 
2018/4/16,16.57 
2018/4/23,17.17 
2018/4/30,16.66 
2018/5/7,16.10 
2018/5/14,16.43 
2018/5/21,16.22 
2018/5/28,16.54 
2018/6/4,16.40 
2018/6/11,16.50 
2018/6/18,17.07 
2018/6/25,16.30 
