1975/1/6,175.10 
1975/1/13,173.40 
1975/1/20,178.60 
1975/1/27,173.70 
1975/2/3,176.00 
1975/2/10,174.80 
1975/2/17,174.80 
1975/2/24,183.60 
1975/3/3,183.10 
1975/3/10,177.00 
1975/3/17,180.00 
1975/3/24,178.60 
1975/3/31,176.20 
1975/4/7,176.70 
1975/4/14,172.80 
1975/4/21,163.60 
1975/4/28,165.80 
1975/5/5,167.80 
1975/5/12,164.90 
1975/5/19,166.70 
1975/5/26,168.20 
1975/6/2,172.00 
1975/6/9,165.60 
1975/6/16,165.40 
1975/6/23,164.60 
1975/6/30,163.30 
1975/7/7,168.10 
1975/7/14,166.70 
1975/7/21,165.90 
1975/7/28,166.40 
1975/8/4,167.70 
1975/8/11,166.30 
1975/8/18,163.60 
1975/8/25,161.90 
1975/9/1,161.50 
1975/9/8,150.20 
1975/9/15,149.80 
1975/9/22,145.90 
1975/9/29,129.50 
1975/10/6,140.50 
1975/10/13,142.60 
1975/10/20,152.20 
1975/10/27,144.00 
1975/11/3,142.70 
1975/11/10,148.40 
1975/11/17,144.00 
1975/11/24,140.30 
1975/12/1,140.30 
1975/12/8,138.80 
1975/12/15,137.60 
1975/12/22,138.30 
1975/12/29,141.00 
1976/1/5,141.80 
1976/1/12,140.10 
1976/1/19,132.00 
1976/1/26,124.10 
1976/2/2,125.90 
1976/2/9,130.30 
1976/2/16,130.20 
1976/2/23,129.70 
1976/3/1,134.00 
1976/3/8,131.80 
1976/3/15,133.70 
1976/3/22,133.30 
1976/3/29,133.90 
1976/4/5,129.50 
1976/4/12,128.10 
1976/4/19,128.00 
1976/4/26,128.20 
1976/5/3,128.60 
1976/5/10,128.20 
1976/5/17,128.60 
1976/5/24,127.80 
1976/5/31,124.90 
1976/6/7,128.10 
1976/6/14,127.10 
1976/6/21,126.10 
1976/6/28,125.20 
1976/7/5,124.20 
1976/7/12,124.20 
1976/7/19,123.00 
1976/7/26,108.90 
1976/8/2,113.10 
1976/8/9,111.40 
1976/8/16,113.70 
1976/8/23,111.20 
1976/8/30,103.10 
1976/9/6,102.80 
1976/9/13,111.30 
1976/9/20,110.70 
1976/9/27,119.00 
1976/10/4,115.80 
1976/10/11,114.30 
1976/10/18,114.40 
1976/10/25,115.00 
1976/11/1,118.20 
1976/11/8,125.20 
1976/11/15,133.20 
1976/11/22,133.30 
1976/11/29,132.40 
1976/12/6,131.50 
1976/12/13,134.00 
1976/12/20,136.40 
1976/12/27,135.00 
1977/1/3,135.70 
1977/1/10,136.40 
1977/1/17,130.70 
1977/1/24,132.50 
1977/1/31,134.50 
1977/2/7,132.80 
1977/2/14,135.10 
1977/2/21,135.50 
1977/2/28,139.20 
1977/3/7,143.60 
1977/3/14,148.10 
1977/3/21,148.10 
1977/3/28,151.00 
1977/4/4,148.60 
1977/4/11,146.80 
1977/4/18,150.30 
1977/4/25,150.30 
1977/5/2,146.10 
1977/5/9,147.90 
1977/5/16,148.00 
1977/5/23,147.50 
1977/5/30,144.00 
1977/6/6,143.50 
1977/6/13,142.60 
1977/6/20,137.10 
1977/6/27,140.90 
1977/7/4,143.70 
1977/7/11,140.90 
1977/7/18,143.60 
1977/7/25,145.20 
1977/8/1,146.70 
1977/8/8,146.30 
1977/8/15,146.50 
1977/8/22,144.00 
1977/8/29,144.60 
1977/9/5,147.10 
1977/9/12,147.90 
1977/9/19,148.60 
1977/9/26,151.70 
1977/10/3,153.40 
1977/10/10,156.00 
1977/10/17,158.60 
1977/10/24,161.10 
1977/10/31,165.50 
1977/11/7,163.60 
1977/11/14,167.50 
1977/11/21,163.50 
1977/11/28,155.90 
1977/12/5,160.60 
1977/12/12,160.00 
1977/12/19,158.00 
1977/12/26,160.20 
1978/1/2,165.10 
1978/1/9,173.00 
1978/1/16,172.80 
1978/1/23,173.90 
1978/1/30,176.70 
1978/2/6,176.60 
1978/2/13,174.20 
1978/2/20,177.50 
1978/2/27,181.50 
1978/3/6,184.40 
1978/3/13,189.20 
1978/3/20,186.20 
1978/3/27,177.20 
1978/4/3,182.60 
1978/4/10,177.30 
1978/4/17,180.20 
1978/4/24,173.40 
1978/5/1,167.40 
1978/5/8,170.70 
1978/5/15,172.80 
1978/5/22,177.60 
1978/5/29,181.80 
1978/6/5,183.90 
1978/6/12,182.20 
1978/6/19,183.70 
1978/6/26,186.00 
1978/7/3,184.10 
1978/7/10,184.90 
1978/7/17,186.60 
1978/7/24,186.00 
1978/7/31,195.50 
1978/8/7,201.40 
1978/8/14,208.40 
1978/8/21,212.60 
1978/8/28,204.80 
1978/9/4,208.60 
1978/9/11,214.50 
1978/9/18,208.40 
1978/9/25,211.80 
1978/10/2,216.30 
1978/10/9,223.30 
1978/10/16,224.90 
1978/10/23,228.70 
1978/10/30,227.90 
1978/11/6,246.70 
1978/11/13,218.30 
1978/11/20,209.00 
1978/11/27,197.90 
1978/12/4,192.60 
1978/12/11,195.80 
1978/12/18,205.40 
1978/12/25,220.80 
1979/1/1,219.30 
1979/1/8,224.10 
1979/1/15,224.00 
1979/1/22,226.30 
1979/1/29,233.30 
1979/2/5,233.60 
1979/2/12,243.70 
1979/2/19,239.00 
1979/2/26,249.90 
1979/3/5,251.20 
1979/3/12,239.70 
1979/3/19,240.30 
1979/3/26,239.50 
1979/4/2,242.80 
1979/4/9,239.20 
1979/4/16,239.20 
1979/4/23,233.40 
1979/4/30,242.00 
1979/5/7,247.80 
1979/5/14,247.70 
1979/5/21,255.80 
1979/5/28,265.80 
1979/6/4,269.60 
1979/6/11,279.40 
1979/6/18,275.90 
1979/6/25,282.00 
1979/7/2,279.60 
1979/7/9,285.80 
1979/7/16,292.30 
1979/7/23,299.00 
1979/7/30,307.10 
1979/8/6,286.90 
1979/8/13,285.20 
1979/8/20,300.00 
1979/8/27,307.00 
1979/9/3,317.50 
1979/9/10,323.90 
1979/9/17,339.00 
1979/9/24,366.90 
1979/10/1,372.70 
1979/10/8,411.00 
1979/10/15,393.50 
1979/10/22,387.60 
1979/10/29,386.00 
1979/11/5,383.50 
1979/11/12,397.50 
1979/11/19,387.00 
1979/11/26,393.50 
1979/12/3,398.20 
1979/12/10,428.50 
1979/12/17,450.50 
1979/12/24,481.00 
1979/12/31,506.30 
1980/1/7,566.00 
1980/1/14,609.00 
1980/1/21,690.50 
1980/1/28,784.00 
1980/2/4,702.00 
1980/2/11,687.00 
1980/2/18,697.50 
1980/2/25,632.00 
1980/3/3,625.50 
1980/3/10,651.50 
1980/3/17,570.50 
1980/3/24,488.50 
1980/3/31,529.00 
1980/4/7,498.50 
1980/4/14,538.50 
1980/4/21,519.20 
1980/4/28,501.80 
1980/5/5,529.00 
1980/5/12,510.00 
1980/5/19,520.00 
1980/5/26,512.00 
1980/6/2,524.00 
1980/6/9,559.00 
1980/6/16,595.70 
1980/6/23,599.00 
1980/6/30,617.30 
1980/7/7,676.00 
1980/7/14,678.50 
1980/7/21,620.50 
1980/7/28,638.00 
1980/8/4,637.50 
1980/8/11,627.50 
1980/8/18,614.20 
1980/8/25,623.10 
1980/9/1,630.20 
1980/9/8,645.30 
1980/9/15,676.00 
1980/9/22,682.50 
1980/9/29,712.50 
1980/10/6,671.50 
1980/10/13,674.30 
1980/10/20,678.70 
1980/10/27,658.00 
1980/11/3,636.30 
1980/11/10,643.00 
1980/11/17,617.00 
1980/11/24,621.50 
1980/12/1,628.00 
1980/12/8,622.20 
1980/12/15,591.30 
1980/12/22,566.60 
1980/12/29,605.60 
1981/1/5,595.00 
1981/1/12,605.00 
1981/1/19,565.50 
1981/1/26,571.00 
1981/2/2,520.50 
1981/2/9,494.70 
1981/2/16,509.00 
1981/2/23,499.00 
1981/3/2,504.60 
1981/3/9,476.00 
1981/3/16,485.50 
1981/3/23,509.00 
1981/3/30,536.50 
1981/4/6,513.80 
1981/4/13,512.10 
1981/4/20,483.20 
1981/4/27,489.90 
1981/5/4,484.50 
1981/5/11,486.50 
1981/5/18,491.50 
1981/5/25,478.50 
1981/6/1,465.50 
1981/6/8,474.60 
1981/6/15,459.10 
1981/6/22,463.50 
1981/6/29,463.40 
1981/7/6,427.00 
1981/7/13,406.00 
1981/7/20,402.20 
1981/7/27,406.00 
1981/8/3,398.00 
1981/8/10,388.00 
1981/8/17,399.00 
1981/8/24,418.00 
1981/8/31,407.00 
1981/9/7,432.10 
1981/9/14,435.50 
1981/9/21,455.60 
1981/9/28,462.40 
1981/10/5,430.80 
1981/10/12,451.70 
1981/10/19,448.00 
1981/10/26,431.50 
1981/11/2,430.30 
1981/11/9,434.20 
1981/11/16,414.00 
1981/11/23,405.00 
1981/11/30,401.80 
1981/12/7,406.70 
1981/12/14,409.40 
1981/12/21,416.80 
1981/12/28,403.70 
1982/1/4,403.00 
1982/1/11,405.60 
1982/1/18,390.00 
1982/1/25,371.20 
1982/2/1,376.40 
1982/2/8,376.70 
1982/2/15,380.60 
1982/2/22,375.40 
1982/3/1,363.40 
1982/3/8,361.60 
1982/3/15,336.00 
1982/3/22,314.50 
1982/3/29,327.00 
1982/4/5,319.50 
1982/4/12,360.40 
1982/4/19,356.40 
1982/4/26,345.50 
1982/5/3,355.90 
1982/5/10,346.50 
1982/5/17,335.80 
1982/5/24,342.10 
1982/5/31,329.50 
1982/6/7,317.40 
1982/6/14,331.30 
1982/6/21,316.00 
1982/6/28,298.00 
1982/7/5,318.00 
1982/7/12,311.50 
1982/7/19,359.50 
1982/7/26,360.30 
1982/8/2,352.20 
1982/8/9,345.90 
1982/8/16,332.50 
1982/8/23,345.00 
1982/8/30,403.90 
1982/9/6,411.80 
1982/9/13,473.30 
1982/9/20,439.10 
1982/9/27,439.10 
1982/10/4,413.50 
1982/10/11,392.50 
1982/10/18,438.00 
1982/10/25,422.20 
1982/11/1,423.90 
1982/11/8,426.00 
1982/11/15,414.00 
1982/11/22,411.50 
1982/11/29,405.30 
1982/12/6,442.60 
1982/12/13,452.50 
1982/12/20,431.70 
1982/12/27,451.10 
1983/1/3,453.00 
1983/1/10,456.70 
1983/1/17,482.40 
1983/1/24,503.80 
1983/1/31,490.00 
1983/2/7,503.70 
1983/2/14,492.70 
1983/2/21,505.80 
1983/2/28,480.00 
1983/3/7,415.00 
1983/3/14,424.50 
1983/3/21,427.80 
1983/3/28,419.50 
1983/4/4,415.80 
1983/4/11,428.80 
1983/4/18,431.90 
1983/4/25,433.20 
1983/5/2,438.80 
1983/5/9,436.40 
1983/5/16,445.30 
1983/5/23,444.30 
1983/5/30,437.50 
1983/6/6,412.00 
1983/6/13,404.70 
1983/6/20,411.60 
1983/6/27,418.80 
1983/7/4,419.30 
1983/7/11,416.00 
1983/7/18,430.00 
1983/7/25,424.80 
1983/8/1,426.70 
1983/8/8,413.90 
1983/8/15,409.90 
1983/8/22,419.90 
1983/8/29,425.20 
1983/9/5,421.30 
1983/9/12,415.30 
1983/9/19,409.10 
1983/9/26,412.70 
1983/10/3,413.90 
1983/10/10,393.60 
1983/10/17,398.20 
1983/10/24,396.30 
1983/10/31,397.50 
1983/11/7,380.80 
1983/11/14,383.00 
1983/11/21,384.20 
1983/11/28,376.20 
1983/12/5,397.60 
1983/12/12,398.90 
1983/12/19,390.30 
1983/12/26,379.40 
1984/1/2,379.80 
1984/1/9,381.70 
1984/1/16,370.20 
1984/1/23,370.80 
1984/1/30,366.80 
1984/2/6,373.80 
1984/2/13,381.10 
1984/2/20,383.50 
1984/2/27,388.40 
1984/3/5,398.30 
1984/3/12,407.00 
1984/3/19,400.40 
1984/3/26,395.30 
1984/4/2,387.30 
1984/4/9,381.30 
1984/4/16,382.40 
1984/4/23,381.00 
1984/4/30,382.10 
1984/5/7,380.30 
1984/5/14,375.90 
1984/5/21,376.40 
1984/5/28,380.40 
1984/6/4,385.20 
1984/6/11,394.70 
1984/6/18,374.40 
1984/6/25,371.30 
1984/7/2,370.60 
1984/7/9,372.40 
1984/7/16,345.30 
1984/7/23,347.30 
1984/7/30,337.80 
1984/8/6,337.70 
1984/8/13,344.00 
1984/8/20,355.00 
1984/8/27,346.30 
1984/9/3,348.70 
1984/9/10,340.60 
1984/9/17,341.10 
1984/9/24,341.90 
1984/10/1,345.90 
1984/10/8,347.20 
1984/10/15,337.00 
1984/10/22,338.90 
1984/10/29,340.00 
1984/11/5,336.50 
1984/11/12,347.20 
1984/11/19,347.70 
1984/11/26,343.80 
1984/12/3,327.40 
1984/12/10,329.80 
1984/12/17,325.50 
1984/12/24,308.70 
1984/12/31,312.10 
1985/1/7,304.20 
1985/1/14,298.00 
1985/1/21,302.30 
1985/1/28,303.90 
1985/2/4,301.80 
1985/2/11,302.30 
1985/2/18,301.80 
1985/2/25,303.90 
1985/3/4,288.00 
1985/3/11,287.90 
1985/3/18,292.30 
1985/3/25,328.80 
1985/4/1,324.40 
1985/4/8,322.00 
1985/4/15,324.10 
1985/4/22,327.40 
1985/4/29,323.00 
1985/5/6,316.50 
1985/5/13,316.50 
1985/5/20,325.80 
1985/5/27,317.90 
1985/6/3,310.30 
1985/6/10,315.80 
1985/6/17,313.80 
1985/6/24,327.70 
1985/7/1,316.00 
1985/7/8,311.40 
1985/7/15,314.50 
1985/7/22,321.00 
1985/7/29,318.30 
1985/8/5,324.00 
1985/8/12,320.70 
1985/8/19,326.70 
1985/8/26,335.60 
1985/9/2,337.10 
1985/9/9,326.60 
1985/9/16,323.20 
1985/9/23,317.40 
1985/9/30,330.50 
1985/10/7,323.00 
1985/10/14,324.80 
1985/10/21,325.80 
1985/10/28,327.20 
1985/11/4,327.00 
1985/11/11,326.20 
1985/11/18,325.80 
1985/11/25,324.70 
1985/12/2,331.20 
1985/12/9,322.50 
1985/12/16,317.70 
1985/12/23,320.90 
1985/12/30,325.60 
1986/1/6,331.10 
1986/1/13,332.80 
1986/1/20,341.00 
1986/1/27,352.80 
1986/2/3,353.70 
1986/2/10,334.10 
1986/2/17,338.80 
1986/2/24,337.20 
1986/3/3,347.70 
1986/3/10,346.00 
1986/3/17,344.90 
1986/3/24,350.30 
1986/3/31,344.00 
1986/4/7,333.70 
1986/4/14,340.00 
1986/4/21,340.80 
1986/4/28,346.80 
1986/5/5,346.90 
1986/5/12,344.00 
1986/5/19,345.10 
1986/5/26,339.80 
1986/6/2,341.80 
1986/6/9,342.30 
1986/6/16,348.10 
1986/6/23,336.70 
1986/6/30,342.90 
1986/7/7,345.80 
1986/7/14,351.20 
1986/7/21,349.10 
1986/7/28,353.70 
1986/8/4,352.20 
1986/8/11,359.30 
1986/8/18,385.40 
1986/8/25,374.80 
1986/9/1,380.10 
1986/9/8,407.60 
1986/9/15,410.50 
1986/9/22,416.20 
1986/9/29,431.90 
1986/10/6,425.70 
1986/10/13,441.10 
1986/10/20,427.20 
1986/10/27,425.20 
1986/11/3,411.80 
1986/11/10,411.10 
1986/11/17,409.30 
1986/11/24,394.50 
1986/12/1,385.60 
1986/12/8,389.30 
1986/12/15,387.00 
1986/12/22,393.20 
1986/12/29,388.70 
1987/1/5,392.40 
1987/1/12,402.20 
1987/1/19,412.30 
1987/1/26,408.20 
1987/2/2,415.70 
1987/2/9,403.60 
1987/2/16,403.00 
1987/2/23,392.10 
1987/3/2,402.40 
1987/3/9,409.10 
1987/3/16,408.30 
1987/3/23,406.80 
1987/3/30,414.10 
1987/4/6,418.00 
1987/4/13,422.20 
1987/4/20,450.90 
1987/4/27,447.60 
1987/5/4,452.20 
1987/5/11,460.50 
1987/5/18,461.50 
1987/5/25,478.30 
1987/6/1,451.80 
1987/6/8,456.20 
1987/6/15,457.90 
1987/6/22,447.90 
1987/6/29,440.40 
1987/7/6,452.20 
1987/7/13,446.10 
1987/7/20,449.50 
1987/7/27,453.70 
1987/8/3,457.00 
1987/8/10,477.60 
1987/8/17,464.20 
1987/8/24,458.60 
1987/8/31,457.00 
1987/9/7,457.30 
1987/9/14,459.80 
1987/9/21,460.00 
1987/9/28,462.70 
1987/10/5,458.00 
1987/10/12,457.20 
1987/10/19,459.10 
1987/10/26,463.20 
1987/11/2,475.70 
1987/11/9,470.60 
1987/11/16,462.40 
1987/11/23,465.80 
1987/11/30,475.40 
1987/12/7,490.40 
1987/12/14,483.50 
1987/12/21,482.70 
1987/12/28,483.90 
1988/1/4,486.10 
1988/1/11,483.20 
1988/1/18,482.30 
1988/1/25,478.20 
1988/2/1,469.30 
1988/2/8,453.90 
1988/2/15,441.60 
1988/2/22,444.20 
1988/2/29,441.80 
1988/3/7,432.40 
1988/3/14,436.60 
1988/3/21,447.50 
1988/3/28,449.60 
1988/4/4,455.60 
1988/4/11,453.40 
1988/4/18,450.90 
1988/4/25,458.40 
1988/5/2,449.80 
1988/5/9,445.10 
1988/5/16,451.60 
1988/5/23,456.40 
1988/5/30,461.10 
1988/6/6,455.00 
1988/6/13,460.00 
1988/6/20,450.60 
1988/6/27,451.80 
1988/7/4,437.50 
1988/7/11,440.30 
1988/7/18,438.70 
1988/7/25,447.50 
1988/8/1,431.70 
1988/8/8,431.50 
1988/8/15,427.40 
1988/8/22,428.90 
1988/8/29,432.20 
1988/9/5,431.90 
1988/9/12,429.20 
1988/9/19,422.90 
1988/9/26,406.20 
1988/10/3,397.90 
1988/10/10,398.10 
1988/10/17,404.40 
1988/10/24,411.80 
1988/10/31,406.40 
1988/11/7,414.00 
1988/11/14,421.20 
1988/11/21,425.60 
1988/11/28,418.10 
1988/12/5,421.90 
1988/12/12,427.50 
1988/12/19,419.80 
1988/12/26,414.00 
1989/1/2,418.00 
1989/1/9,413.40 
1989/1/16,405.60 
1989/1/23,404.00 
1989/1/30,406.30 
1989/2/6,391.60 
1989/2/13,392.30 
1989/2/20,385.40 
1989/2/27,385.90 
1989/3/6,390.40 
1989/3/13,395.70 
1989/3/20,398.10 
1989/3/27,395.60 
1989/4/3,383.50 
1989/4/10,386.10 
1989/4/17,385.80 
1989/4/24,383.50 
1989/5/1,385.70 
1989/5/8,380.10 
1989/5/15,380.30 
1989/5/22,376.20 
1989/5/29,364.30 
1989/6/5,365.70 
1989/6/12,379.90 
1989/6/19,363.10 
1989/6/26,366.30 
1989/7/3,376.60 
1989/7/10,388.40 
1989/7/17,383.30 
1989/7/24,373.80 
1989/7/31,374.10 
1989/8/7,370.80 
1989/8/14,366.20 
1989/8/21,370.70 
1989/8/28,367.90 
1989/9/4,363.60 
1989/9/11,361.40 
1989/9/18,361.10 
1989/9/25,362.20 
1989/10/2,368.90 
1989/10/9,366.90 
1989/10/16,361.00 
1989/10/23,367.40 
1989/10/30,370.20 
1989/11/6,377.60 
1989/11/13,388.40 
1989/11/20,394.90 
1989/11/27,404.40 
1989/12/4,413.50 
1989/12/11,403.50 
1989/12/18,417.90 
1989/12/25,411.90 
1990/1/1,406.80 
1990/1/8,402.10 
1990/1/15,406.20 
1990/1/22,412.20 
1990/1/29,413.70 
1990/2/5,418.10 
1990/2/12,421.30 
1990/2/19,417.60 
1990/2/26,419.90 
1990/3/5,411.00 
1990/3/12,406.10 
1990/3/19,400.70 
1990/3/26,393.30 
1990/4/2,369.10 
1990/4/9,375.30 
1990/4/16,375.00 
1990/4/23,375.20 
1990/4/30,375.90 
1990/5/7,372.70 
1990/5/14,372.00 
1990/5/21,372.30 
1990/5/28,376.40 
1990/6/4,367.40 
1990/6/11,359.80 
1990/6/18,355.70 
1990/6/25,349.10 
1990/7/2,350.40 
1990/7/9,364.10 
1990/7/16,357.10 
1990/7/23,363.00 
1990/7/30,368.40 
1990/8/6,370.00 
1990/8/13,384.50 
1990/8/20,404.80 
1990/8/27,407.40 
1990/9/3,385.00 
1990/9/10,386.00 
1990/9/17,382.00 
1990/9/24,388.70 
1990/10/1,402.80 
1990/10/8,389.10 
1990/10/15,389.70 
1990/10/22,362.00 
1990/10/29,371.20 
1990/11/5,381.70 
1990/11/12,388.10 
1990/11/19,387.00 
1990/11/26,378.50 
1990/12/3,385.80 
1990/12/10,378.90 
1990/12/17,372.00 
1990/12/24,376.50 
1990/12/31,385.60 
1991/1/7,391.10 
1991/1/14,392.30 
1991/1/21,400.20 
1991/1/28,380.10 
1991/2/4,376.40 
1991/2/11,366.40 
1991/2/18,368.00 
1991/2/25,364.50 
1991/3/4,359.00 
1991/3/11,366.30 
1991/3/18,366.10 
1991/3/25,364.50 
1991/4/1,357.60 
1991/4/8,358.50 
1991/4/15,364.90 
1991/4/22,361.40 
1991/4/29,357.10 
1991/5/6,357.70 
1991/5/13,358.10 
1991/5/20,361.20 
1991/5/27,357.90 
1991/6/3,363.70 
1991/6/10,362.50 
1991/6/17,370.90 
1991/6/24,368.30 
1991/7/1,364.60 
1991/7/8,369.40 
1991/7/15,370.60 
1991/7/22,369.80 
1991/7/29,368.50 
1991/8/5,362.30 
1991/8/12,356.70 
1991/8/19,356.30 
1991/8/26,355.90 
1991/9/2,354.40 
1991/9/9,349.70 
1991/9/16,350.90 
1991/9/23,347.30 
1991/9/30,354.00 
1991/10/7,354.20 
1991/10/14,357.60 
1991/10/21,357.70 
1991/10/28,363.90 
1991/11/4,359.40 
1991/11/11,355.40 
1991/11/18,356.70 
1991/11/25,364.40 
1991/12/2,366.30 
1991/12/9,363.50 
1991/12/16,368.90 
1991/12/23,357.30 
1991/12/30,359.10 
1992/1/6,355.20 
1992/1/13,350.50 
1992/1/20,355.20 
1992/1/27,358.40 
1992/2/3,355.90 
1992/2/10,356.20 
1992/2/17,356.30 
1992/2/24,353.40 
1992/3/2,349.40 
1992/3/9,351.40 
1992/3/16,349.80 
1992/3/23,340.60 
1992/3/30,339.80 
1992/4/6,343.70 
1992/4/13,338.70 
1992/4/20,339.50 
1992/4/27,341.10 
1992/5/4,336.90 
1992/5/11,337.80 
1992/5/18,335.80 
1992/5/25,338.20 
1992/6/1,338.40 
1992/6/8,339.30 
1992/6/15,338.30 
1992/6/22,342.20 
1992/6/29,344.50 
1992/7/6,344.40 
1992/7/13,347.10 
1992/7/20,351.80 
1992/7/27,358.10 
1992/8/3,359.00 
1992/8/10,352.70 
1992/8/17,347.30 
1992/8/24,335.80 
1992/8/31,340.60 
1992/9/7,341.70 
1992/9/14,343.10 
1992/9/21,346.90 
1992/9/28,349.10 
1992/10/5,348.20 
1992/10/12,350.10 
1992/10/19,344.00 
1992/10/26,343.80 
1992/11/2,337.40 
1992/11/9,338.20 
1992/11/16,330.10 
1992/11/23,334.40 
1992/11/30,334.30 
1992/12/7,335.10 
1992/12/14,335.40 
1992/12/21,334.50 
1992/12/28,332.20 
1993/1/4,332.50 
1993/1/11,329.00 
1993/1/18,328.80 
1993/1/25,328.60 
1993/2/1,331.10 
1993/2/8,330.40 
1993/2/15,329.40 
1993/2/22,333.00 
1993/3/1,331.10 
1993/3/8,330.50 
1993/3/15,327.20 
1993/3/22,329.60 
1993/3/29,332.30 
1993/4/5,337.00 
1993/4/12,337.90 
1993/4/19,337.70 
1993/4/26,339.90 
1993/5/3,351.20 
1993/5/10,355.70 
1993/5/17,357.30 
1993/5/24,376.00 
1993/5/31,378.70 
1993/6/7,369.50 
1993/6/14,374.00 
1993/6/21,369.60 
1993/6/28,368.60 
1993/7/5,379.50 
1993/7/12,393.10 
1993/7/19,394.50 
1993/7/26,392.20 
1993/8/2,391.20 
1993/8/9,403.40 
1993/8/16,380.90 
1993/8/23,371.60 
1993/8/30,371.90 
1993/9/6,373.90 
1993/9/13,350.80 
1993/9/20,345.20 
1993/9/27,363.20 
1993/10/4,355.40 
1993/10/11,353.00 
1993/10/18,367.80 
1993/10/25,369.10 
1993/11/1,369.20 
1993/11/8,363.60 
1993/11/15,376.60 
1993/11/22,374.60 
1993/11/29,377.30 
1993/12/6,369.80 
1993/12/13,377.40 
1993/12/20,387.00 
1993/12/27,387.90 
1994/1/3,387.40 
1994/1/10,395.10 
1994/1/17,388.70 
1994/1/24,393.60 
1994/1/31,381.60 
1994/2/7,384.10 
1994/2/14,382.30 
1994/2/21,383.80 
1994/2/28,378.00 
1994/3/7,379.40 
1994/3/14,377.70 
1994/3/21,387.60 
1994/3/28,389.70 
1994/4/4,386.00 
1994/4/11,384.40 
1994/4/18,378.50 
1994/4/25,371.50 
1994/5/2,373.90 
1994/5/9,376.80 
1994/5/16,379.80 
1994/5/23,382.00 
1994/5/30,387.30 
1994/6/6,387.10 
1994/6/13,381.10 
1994/6/20,384.20 
1994/6/27,394.30 
1994/7/4,386.20 
1994/7/11,386.90 
1994/7/18,386.30 
1994/7/25,387.10 
1994/8/1,387.10 
1994/8/8,378.40 
1994/8/15,377.50 
1994/8/22,377.70 
1994/8/29,381.60 
1994/9/5,387.80 
1994/9/12,389.20 
1994/9/19,391.50 
1994/9/26,394.10 
1994/10/3,398.10 
1994/10/10,392.60 
1994/10/17,387.60 
1994/10/24,389.10 
1994/10/31,389.40 
1994/11/7,385.70 
1994/11/14,384.80 
1994/11/21,387.40 
1994/11/28,383.90 
1994/12/5,382.00 
1994/12/12,375.80 
1994/12/19,377.60 
1994/12/26,381.80 
1995/1/2,381.60 
1995/1/9,380.90 
1995/1/16,375.10 
1995/1/23,380.60 
1995/1/30,381.80 
1995/2/6,375.40 
1995/2/13,375.30 
1995/2/20,376.40 
1995/2/27,378.60 
1995/3/6,378.30 
1995/3/13,385.40 
1995/3/20,386.70 
1995/3/27,382.80 
1995/4/3,383.20 
1995/4/10,393.00 
1995/4/17,390.40 
1995/4/24,395.40 
1995/5/1,390.20 
1995/5/8,390.60 
1995/5/15,384.60 
1995/5/22,385.50 
1995/5/29,383.80 
1995/6/5,385.20 
1995/6/12,385.50 
1995/6/19,387.10 
1995/6/26,391.20 
1995/7/3,389.90 
1995/7/10,385.20 
1995/7/17,386.70 
1995/7/24,390.10 
1995/7/31,386.20 
1995/8/7,382.90 
1995/8/14,384.40 
1995/8/21,385.30 
1995/8/28,383.30 
1995/9/4,382.40 
1995/9/11,381.50 
1995/9/18,386.80 
1995/9/25,386.70 
1995/10/2,384.30 
1995/10/9,382.70 
1995/10/16,385.30 
1995/10/23,383.90 
1995/10/30,382.60 
1995/11/6,384.30 
1995/11/13,386.60 
1995/11/20,386.50 
1995/11/27,385.40 
1995/12/4,387.90 
1995/12/11,387.40 
1995/12/18,388.20 
1995/12/25,387.40 
1996/1/1,387.90 
1996/1/8,391.90 
1996/1/15,396.90 
1996/1/22,398.80 
1996/1/29,403.60 
1996/2/5,404.10 
1996/2/12,412.00 
1996/2/19,403.00 
1996/2/26,399.10 
1996/3/4,398.30 
1996/3/11,394.60 
1996/3/18,397.50 
1996/3/25,396.00 
1996/4/1,400.50 
1996/4/8,394.00 
1996/4/15,394.60 
1996/4/22,391.00 
1996/4/29,391.30 
1996/5/6,393.50 
1996/5/13,395.80 
1996/5/20,392.90 
1996/5/27,391.40 
1996/6/3,391.60 
1996/6/10,387.50 
1996/6/17,384.20 
1996/6/24,385.40 
1996/7/1,383.60 
1996/7/8,383.30 
1996/7/15,383.50 
1996/7/22,384.20 
1996/7/29,385.50 
1996/8/5,384.40 
1996/8/12,388.80 
1996/8/19,387.90 
1996/8/26,387.80 
1996/9/2,389.30 
1996/9/9,387.50 
1996/9/16,384.00 
1996/9/23,383.40 
1996/9/30,382.80 
1996/10/7,378.10 
1996/10/14,381.00 
1996/10/21,381.10 
1996/10/28,384.20 
1996/11/4,380.40 
1996/11/11,379.60 
1996/11/18,383.40 
1996/11/25,378.40 
1996/12/2,374.70 
1996/12/9,368.50 
1996/12/16,368.70 
1996/12/23,369.20 
1996/12/30,369.40 
1997/1/6,369.20 
1997/1/13,359.70 
1997/1/20,354.70 
1997/1/27,353.80 
1997/2/3,354.00 
1997/2/10,345.60 
1997/2/17,341.30 
1997/2/24,347.50 
1997/3/3,356.10 
1997/3/10,360.50 
1997/3/17,355.10 
1997/3/24,350.40 
1997/3/31,348.20 
1997/4/7,351.60 
1997/4/14,348.60 
1997/4/21,341.70 
1997/4/28,341.60 
1997/5/5,341.60 
1997/5/12,341.50 
1997/5/19,350.50 
1997/5/26,343.40 
1997/6/2,344.70 
1997/6/9,343.00 
1997/6/16,343.70 
1997/6/23,341.80 
1997/6/30,337.80 
1997/7/7,335.10 
1997/7/14,321.00 
1997/7/21,319.00 
1997/7/28,326.00 
1997/8/4,325.80 
1997/8/11,320.40 
1997/8/18,326.70 
1997/8/25,323.00 
1997/9/1,325.70 
1997/9/8,324.00 
1997/9/15,322.60 
1997/9/22,321.40 
1997/9/29,322.60 
1997/10/6,334.30 
1997/10/13,331.00 
1997/10/20,327.20 
1997/10/27,322.30 
1997/11/3,315.60 
1997/11/10,314.80 
1997/11/17,310.60 
1997/11/24,307.60 
1997/12/1,300.50 
1997/12/8,294.40 
1997/12/15,282.80 
1997/12/22,283.40 
1997/12/29,294.30 
1998/1/5,291.60 
1998/1/12,282.30 
1998/1/19,283.80 
1998/1/26,291.30 
1998/2/2,300.70 
1998/2/9,295.80 
1998/2/16,301.20 
1998/2/23,298.60 
1998/3/2,291.70 
1998/3/9,298.50 
1998/3/16,296.50 
1998/3/23,292.30 
1998/3/30,299.90 
1998/4/6,300.50 
1998/4/13,309.60 
1998/4/20,307.90 
1998/4/27,311.20 
1998/5/4,308.30 
1998/5/11,304.60 
1998/5/18,298.90 
1998/5/25,299.30 
1998/6/1,295.60 
1998/6/8,290.60 
1998/6/15,293.20 
1998/6/22,288.10 
1998/6/29,294.80 
1998/7/6,298.10 
1998/7/13,295.90 
1998/7/20,294.00 
1998/7/27,295.50 
1998/8/3,291.70 
1998/8/10,288.80 
1998/8/17,284.50 
1998/8/24,285.30 
1998/8/31,283.30 
1998/9/7,279.80 
1998/9/14,286.90 
1998/9/21,290.50 
1998/9/28,287.70 
1998/10/5,294.20 
1998/10/12,296.10 
1998/10/19,296.60 
1998/10/26,296.20 
1998/11/2,293.50 
1998/11/9,289.70 
1998/11/16,294.20 
1998/11/23,294.90 
1998/11/30,296.40 
1998/12/7,293.40 
1998/12/14,293.30 
1998/12/21,292.50 
1998/12/28,287.70 
1999/1/4,286.10 
1999/1/11,287.80 
1999/1/18,289.30 
1999/1/25,286.80 
1999/2/1,286.30 
1999/2/8,289.30 
1999/2/15,288.40 
1999/2/22,286.90 
1999/3/1,289.70 
1999/3/8,288.00 
1999/3/15,293.40 
1999/3/22,283.90 
1999/3/29,284.70 
1999/4/5,279.20 
1999/4/12,279.80 
1999/4/19,284.10 
1999/4/26,284.40 
1999/5/3,282.30 
1999/5/10,286.90 
1999/5/17,278.80 
1999/5/24,274.20 
1999/5/31,270.80 
1999/6/7,268.20 
1999/6/14,262.80 
1999/6/21,260.10 
1999/6/28,259.40 
1999/7/5,262.00 
1999/7/12,257.80 
1999/7/19,256.70 
1999/7/26,254.10 
1999/8/2,254.50 
1999/8/9,257.00 
1999/8/16,258.70 
1999/8/23,262.10 
1999/8/30,253.50 
1999/9/6,256.70 
1999/9/13,256.60 
1999/9/20,257.40 
1999/9/27,260.80 
1999/10/4,308.10 
1999/10/11,324.40 
1999/10/18,316.70 
1999/10/25,308.00 
1999/11/1,288.90 
1999/11/8,292.40 
1999/11/15,293.10 
1999/11/22,295.30 
1999/11/29,298.70 
1999/12/6,290.10 
1999/12/13,283.70 
1999/12/20,280.00 
1999/12/27,286.90 
2000/1/3,290.00 
2000/1/10,283.70 
2000/1/17,284.40 
2000/1/24,289.60 
2000/1/31,286.60 
2000/2/7,282.50 
2000/2/14,299.20 
2000/2/21,301.70 
2000/2/28,305.60 
2000/3/6,294.20 
2000/3/13,293.70 
2000/3/20,289.70 
2000/3/27,290.40 
2000/4/3,279.50 
2000/4/10,283.90 
2000/4/17,281.20 
2000/4/24,281.00 
2000/5/1,278.10 
2000/5/8,277.00 
2000/5/15,278.20 
2000/5/22,276.20 
2000/5/29,274.70 
2000/6/5,272.30 
2000/6/12,289.00 
2000/6/19,285.50 
2000/6/26,285.70 
2000/7/3,285.60 
2000/7/10,285.30 
2000/7/17,283.30 
2000/7/24,283.10 
2000/7/31,279.30 
2000/8/7,276.90 
2000/8/14,272.80 
2000/8/21,274.60 
2000/8/28,273.50 
2000/9/4,273.40 
2000/9/11,277.10 
2000/9/18,273.80 
2000/9/25,272.60 
2000/10/2,274.20 
2000/10/9,271.60 
2000/10/16,272.40 
2000/10/23,271.10 
2000/10/30,270.10 
2000/11/6,266.40 
2000/11/13,265.40 
2000/11/20,265.40 
2000/11/27,266.10 
2000/12/4,269.80 
2000/12/11,270.40 
2000/12/18,270.30 
2000/12/25,269.70 
2001/1/1,274.10 
2001/1/8,270.00 
2001/1/15,268.50 
2001/1/22,263.90 
2001/1/29,266.70 
2001/2/5,265.50 
2001/2/12,263.30 
2001/2/19,260.30 
2001/2/26,256.10 
2001/3/5,268.40 
2001/3/12,260.90 
2001/3/19,267.50 
2001/3/26,260.80 
2001/4/2,261.10 
2001/4/9,256.80 
2001/4/16,257.30 
2001/4/23,261.10 
2001/4/30,264.10 
2001/5/7,264.80 
2001/5/14,265.50 
2001/5/21,268.50 
2001/5/28,285.50 
2001/6/4,273.90 
2001/6/11,265.70 
2001/6/18,271.50 
2001/6/25,273.40 
2001/7/2,276.20 
2001/7/9,268.30 
2001/7/16,266.70 
2001/7/23,268.60 
2001/7/30,270.00 
2001/8/6,266.20 
2001/8/13,267.20 
2001/8/20,276.30 
2001/8/27,275.00 
2001/9/3,272.30 
2001/9/10,272.30 
2001/9/17,275.50 
2001/9/24,288.60 
2001/10/1,290.50 
2001/10/8,289.90 
2001/10/15,288.90 
2001/10/22,282.30 
2001/10/29,276.10 
2001/11/5,281.20 
2001/11/12,280.20 
2001/11/19,278.00 
2001/11/26,273.20 
2001/12/3,273.40 
2001/12/10,275.40 
2001/12/17,272.20 
2001/12/24,280.40 
2001/12/31,279.70 
2002/1/7,279.20 
2002/1/14,279.20 
2002/1/21,284.70 
2002/1/28,281.80 
2002/2/4,281.40 
2002/2/11,298.20 
2002/2/18,300.70 
2002/2/25,293.20 
2002/3/4,298.00 
2002/3/11,294.40 
2002/3/18,293.80 
2002/3/25,293.00 
2002/4/1,296.80 
2002/4/8,305.90 
2002/4/15,298.80 
2002/4/22,298.80 
2002/4/29,304.00 
2002/5/6,309.20 
2002/5/13,311.90 
2002/5/20,307.60 
2002/5/27,316.10 
2002/6/3,324.10 
2002/6/10,327.80 
2002/6/17,319.70 
2002/6/24,319.20 
2002/7/1,320.20 
2002/7/8,313.20 
2002/7/15,316.50 
2002/7/22,317.50 
2002/7/29,312.60 
2002/8/5,303.70 
2002/8/12,305.50 
2002/8/19,314.20 
2002/8/26,308.70 
2002/9/2,312.30 
2002/9/9,313.90 
2002/9/16,318.30 
2002/9/23,317.30 
2002/9/30,326.00 
2002/10/7,320.90 
2002/10/14,318.20 
2002/10/21,312.60 
2002/10/28,313.00 
2002/11/4,317.70 
2002/11/11,318.60 
2002/11/18,324.70 
2002/11/25,318.80 
2002/12/2,317.70 
2002/12/9,320.20 
2002/12/16,323.50 
2002/12/23,337.40 
2002/12/30,346.80 
2003/1/6,348.20 
2003/1/13,347.70 
2003/1/20,352.40 
2003/1/27,357.50 
2003/2/3,370.00 
2003/2/10,379.00 
2003/2/17,362.50 
2003/2/24,344.20 
2003/3/3,352.30 
2003/3/10,353.30 
2003/3/17,350.60 
2003/3/24,337.70 
2003/3/31,328.30 
2003/4/7,334.30 
2003/4/14,322.20 
2003/4/21,324.90 
2003/4/28,334.40 
2003/5/5,334.00 
2003/5/12,342.80 
2003/5/19,350.20 
2003/5/26,366.50 
2003/6/2,367.80 
2003/6/9,365.20 
2003/6/16,352.20 
2003/6/23,363.20 
2003/6/30,346.30 
2003/7/7,351.70 
2003/7/14,344.40 
2003/7/21,342.20 
2003/7/28,350.70 
2003/8/4,361.70 
2003/8/11,349.60 
2003/8/18,358.50 
2003/8/25,361.60 
2003/9/1,365.80 
2003/9/8,373.30 
2003/9/15,381.80 
2003/9/22,373.60 
2003/9/29,385.90 
2003/10/6,385.40 
2003/10/13,377.20 
2003/10/20,375.70 
2003/10/27,381.70 
2003/11/3,383.20 
2003/11/10,380.00 
2003/11/17,388.20 
2003/11/24,397.60 
2003/12/1,391.10 
2003/12/8,403.70 
2003/12/15,408.20 
2003/12/22,407.70 
2003/12/29,411.00 
2004/1/5,417.20 
2004/1/12,423.20 
2004/1/19,424.00 
2004/1/26,412.90 
2004/2/2,410.10 
2004/2/9,399.20 
2004/2/16,406.40 
2004/2/23,416.00 
2004/3/1,404.50 
2004/3/8,393.80 
2004/3/15,404.50 
2004/3/22,402.60 
2004/3/29,420.00 
2004/4/5,421.70 
2004/4/12,418.90 
2004/4/19,407.00 
2004/4/26,397.70 
2004/5/3,398.60 
2004/5/10,391.80 
2004/5/17,377.20 
2004/5/24,375.90 
2004/5/31,388.40 
2004/6/7,394.60 
2004/6/14,391.00 
2004/6/21,388.10 
2004/6/28,395.00 
2004/7/5,392.80 
2004/7/12,393.00 
2004/7/19,402.30 
2004/7/26,402.10 
2004/8/2,387.00 
2004/8/9,394.00 
2004/8/16,400.00 
2004/8/23,404.40 
2004/8/30,403.00 
2004/9/6,410.90 
2004/9/13,397.90 
2004/9/20,406.00 
2004/9/27,408.50 
2004/10/4,412.50 
2004/10/11,418.20 
2004/10/18,415.10 
2004/10/25,420.30 
2004/11/1,426.80 
2004/11/8,420.80 
2004/11/15,436.20 
2004/11/22,440.50 
2004/11/29,447.90 
2004/12/6,451.30 
2004/12/13,452.00 
2004/12/20,435.90 
2004/12/27,441.80 
2005/1/3,444.30 
2005/1/10,429.20 
2005/1/17,422.40 
2005/1/24,423.50 
2005/1/31,422.10 
2005/2/7,420.80 
2005/2/14,412.60 
2005/2/21,425.90 
2005/2/28,434.50 
2005/3/7,433.90 
2005/3/14,441.10 
2005/3/21,441.40 
2005/3/28,431.60 
2005/4/4,426.00 
2005/4/11,424.50 
2005/4/18,427.60 
2005/4/25,432.90 
2005/5/2,437.90 
2005/5/9,427.70 
2005/5/16,427.90 
2005/5/23,419.80 
2005/5/30,417.70 
2005/6/6,416.30 
2005/6/13,424.80 
2005/6/20,427.50 
2005/6/27,438.90 
2005/7/4,436.40 
2005/7/11,423.90 
2005/7/18,427.10 
2005/7/25,420.20 
2005/8/1,423.50 
2005/8/8,431.90 
2005/8/15,434.20 
2005/8/22,446.10 
2005/8/29,439.40 
2005/9/5,432.50 
2005/9/12,445.50 
2005/9/19,447.00 
2005/9/26,466.80 
2005/10/3,462.90 
2005/10/10,466.10 
2005/10/17,477.10 
2005/10/24,472.10 
2005/10/31,472.80 
2005/11/7,460.60 
2005/11/14,462.30 
2005/11/21,469.00 
2005/11/28,492.90 
2005/12/5,499.10 
2005/12/12,510.20 
2005/12/19,521.00 
2005/12/26,494.60 
2006/1/2,508.00 
2006/1/9,532.50 
2006/1/16,545.70 
2006/1/23,554.30 
2006/1/30,558.10 
2006/2/6,570.80 
2006/2/13,551.00 
2006/2/20,545.90 
2006/2/27,553.90 
2006/3/6,563.90 
2006/3/13,554.50 
2006/3/20,553.00 
2006/3/27,553.20 
2006/4/3,567.00 
2006/4/10,586.00 
2006/4/17,595.20 
2006/4/24,620.00 
2006/5/1,631.00 
2006/5/8,667.40 
2006/5/15,701.50 
2006/5/22,692.90 
2006/5/29,673.70 
2006/6/5,653.90 
2006/6/12,629.40 
2006/6/19,562.50 
2006/6/26,576.90 
2006/7/3,581.60 
2006/7/10,629.70 
2006/7/17,643.10 
2006/7/24,629.50 
2006/7/31,618.00 
2006/8/7,646.30 
2006/8/14,645.70 
2006/8/21,622.50 
2006/8/28,624.60 
2006/9/4,610.70 
2006/9/11,640.70 
2006/9/18,588.50 
2006/9/25,577.70 
2006/10/2,591.60 
2006/10/9,576.30 
2006/10/16,571.90 
2006/10/23,589.70 
2006/10/30,584.40 
2006/11/6,606.80 
2006/11/13,627.70 
2006/11/20,625.30 
2006/11/27,628.70 
2006/12/4,637.30 
2006/12/11,642.30 
2006/12/18,627.00 
2006/12/25,621.60 
2007/1/1,623.70 
2007/1/8,629.80 
2007/1/15,615.00 
2007/1/22,625.90 
2007/1/29,645.90 
2007/2/5,644.20 
2007/2/12,653.60 
2007/2/19,663.90 
2007/2/26,657.10 
2007/3/5,687.20 
2007/3/12,646.20 
2007/3/19,649.40 
2007/3/26,659.00 
2007/4/2,662.50 
2007/4/9,664.00 
2007/4/16,676.50 
2007/4/23,688.20 
2007/4/30,684.20 
2007/5/7,677.30 
2007/5/14,687.40 
2007/5/21,674.50 
2007/5/28,659.90 
2007/6/4,657.20 
2007/6/11,669.60 
2007/6/18,648.50 
2007/6/25,660.70 
2007/7/2,642.10 
2007/7/9,655.40 
2007/7/16,664.40 
2007/7/23,665.90 
2007/7/30,684.80 
2007/8/6,666.90 
2007/8/13,670.60 
2007/8/20,668.60 
2007/8/27,656.70 
2007/9/3,664.40 
2007/9/10,685.20 
2007/9/17,714.40 
2007/9/24,717.00 
2007/10/1,732.00 
2007/10/8,729.80 
2007/10/15,737.40 
2007/10/22,760.20 
2007/10/29,759.00 
2007/11/5,787.80 
2007/11/12,823.40 
2007/11/19,799.00 
2007/11/26,791.40 
2007/12/3,814.00 
2007/12/10,801.30 
2007/12/17,811.40 
2007/12/24,803.00 
2007/12/31,826.00 
2008/1/7,860.00 
2008/1/14,880.30 
2008/1/21,902.60 
2008/1/28,890.30 
2008/2/4,925.10 
2008/2/11,885.90 
2008/2/18,907.40 
2008/2/25,926.60 
2008/3/3,946.10 
2008/3/10,966.30 
2008/3/17,976.00 
2008/3/24,1004.30 
2008/3/31,935.00 
2008/4/7,882.90 
2008/4/14,914.00 
2008/4/21,928.70 
2008/4/28,922.30 
2008/5/5,876.80 
2008/5/12,877.70 
2008/5/19,869.60 
2008/5/26,920.20 
2008/6/2,907.90 
2008/6/9,881.60 
2008/6/16,867.90 
2008/6/23,884.30 
2008/6/30,889.20 
2008/7/7,944.50 
2008/7/14,923.30 
2008/7/21,978.70 
2008/7/28,948.50 
2008/8/4,916.50 
2008/8/11,878.60 
2008/8/18,808.20 
2008/8/25,811.10 
2008/9/1,822.20 
2008/9/8,806.60 
2008/9/15,788.10 
2008/9/22,777.10 
2008/9/29,885.90 
2008/10/6,874.20 
2008/10/13,878.40 
2008/10/20,836.30 
2008/10/27,766.10 
2008/11/3,739.30 
2008/11/10,765.30 
2008/11/17,740.40 
2008/11/24,738.30 
2008/12/1,825.10 
2008/12/8,787.90 
2008/12/15,779.30 
2008/12/22,846.90 
2008/12/29,841.20 
2009/1/5,873.00 
2009/1/12,869.70 
2009/1/19,824.50 
2009/1/26,859.40 
2009/2/2,904.80 
2009/2/9,896.20 
2009/2/16,918.10 
2009/2/23,971.70 
2009/3/2,973.70 
2009/3/9,917.20 
2009/3/16,900.00 
2009/3/23,921.10 
2009/3/30,927.70 
2009/4/6,926.70 
2009/4/13,885.10 
2009/4/20,893.80 
2009/4/27,884.40 
2009/5/4,895.20 
2009/5/11,906.10 
2009/5/18,925.90 
2009/5/25,928.50 
2009/6/1,955.10 
2009/6/8,984.40 
2009/6/15,954.70 
2009/6/22,932.20 
2009/6/29,924.30 
2009/7/6,927.40 
2009/7/13,929.10 
2009/7/20,922.80 
2009/7/27,946.90 
2009/8/3,939.10 
2009/8/10,967.50 
2009/8/17,945.80 
2009/8/24,937.70 
2009/8/31,944.50 
2009/9/7,954.70 
2009/9/14,997.90 
2009/9/21,1005.00 
2009/9/28,1014.20 
2009/10/5,993.10 
2009/10/12,1038.60 
2009/10/19,1064.20 
2009/10/26,1057.80 
2009/11/2,1034.70 
2009/11/9,1084.60 
2009/11/16,1106.30 
2009/11/23,1139.40 
2009/11/30,1168.20 
2009/12/7,1199.90 
2009/12/14,1132.10 
2009/12/21,1126.70 
2009/12/28,1083.60 
2010/1/4,1098.50 
2010/1/11,1124.10 
2010/1/18,1129.70 
2010/1/25,1134.00 
2010/2/1,1099.30 
2010/2/8,1113.90 
2010/2/15,1076.30 
2010/2/22,1118.60 
2010/3/1,1103.80 
2010/3/8,1135.10 
2010/3/15,1125.40 
2010/3/22,1112.90 
2010/3/29,1103.40 
2010/4/5,1106.10 
2010/4/12,1135.30 
2010/4/19,1155.40 
2010/4/26,1138.80 
2010/5/3,1165.50 
2010/5/10,1167.80 
2010/5/17,1228.20 
2010/5/24,1210.80 
2010/5/31,1203.90 
2010/6/7,1223.00 
2010/6/14,1237.30 
2010/6/21,1233.40 
2010/6/28,1239.90 
2010/7/5,1242.50 
2010/7/12,1194.50 
2010/7/19,1211.40 
2010/7/26,1189.00 
2010/8/2,1162.90 
2010/8/9,1193.50 
2010/8/16,1203.60 
2010/8/23,1226.90 
2010/8/30,1230.70 
2010/9/6,1247.30 
2010/9/13,1257.10 
2010/9/20,1266.90 
2010/9/27,1288.60 
2010/10/4,1309.60 
2010/10/11,1342.70 
2010/10/18,1356.40 
2010/10/25,1336.00 
2010/11/1,1341.00 
2010/11/8,1354.50 
2010/11/15,1396.50 
2010/11/22,1336.20 
2010/11/29,1361.20 
2010/12/6,1388.70 
2010/12/13,1390.00 
2010/12/20,1394.00 
2010/12/27,1388.00 
2011/1/3,1403.10 
2011/1/10,1383.90 
2011/1/17,1385.00 
2011/1/24,1372.50 
2011/1/31,1332.30 
2011/2/7,1340.40 
2011/2/14,1362.30 
2011/2/21,1373.30 
2011/2/28,1397.80 
2011/3/7,1430.70 
2011/3/14,1426.90 
2011/3/21,1396.00 
2011/3/28,1424.50 
2011/4/4,1416.00 
2011/4/11,1453.50 
2011/4/18,1454.40 
2011/4/25,1494.40 
2011/5/2,1507.10 
2011/5/9,1530.90 
2011/5/16,1517.00 
2011/5/23,1491.50 
2011/5/30,1524.50 
2011/6/6,1531.30 
2011/6/13,1540.70 
2011/6/20,1526.30 
2011/6/27,1547.20 
2011/7/4,1502.00 
2011/7/11,1513.40 
2011/7/18,1565.00 
2011/7/25,1583.30 
2011/8/1,1614.80 
2011/8/8,1654.10 
2011/8/15,1747.40 
2011/8/22,1782.40 
2011/8/29,1858.30 
2011/9/5,1826.70 
2011/9/12,1869.90 
2011/9/19,1826.80 
2011/9/26,1806.60 
2011/10/3,1650.60 
2011/10/10,1614.70 
2011/10/17,1664.20 
2011/10/24,1657.70 
2011/10/31,1702.10 
2011/11/7,1711.00 
2011/11/14,1798.40 
2011/11/21,1763.20 
2011/11/28,1696.00 
2011/12/5,1713.40 
2011/12/12,1727.90 
2011/12/19,1631.20 
2011/12/26,1615.00 
2012/1/2,1593.50 
2012/1/9,1599.70 
2012/1/16,1635.50 
2012/1/23,1657.80 
2012/1/30,1668.20 
2012/2/6,1735.00 
2012/2/13,1735.00 
2012/2/20,1715.30 
2012/2/27,1759.50 
2012/3/5,1786.20 
2012/3/12,1683.00 
2012/3/19,1693.70 
2012/3/26,1650.00 
2012/4/2,1684.70 
2012/4/9,1646.00 
2012/4/16,1659.50 
2012/4/23,1650.20 
2012/4/30,1635.00 
2012/5/7,1663.30 
2012/5/14,1599.80 
2012/5/21,1543.60 
2012/5/28,1568.40 
2012/6/4,1575.40 
2012/6/11,1618.10 
2012/6/18,1608.70 
2012/6/25,1623.20 
2012/7/2,1573.60 
2012/7/9,1619.00 
2012/7/16,1567.60 
2012/7/23,1584.80 
2012/7/30,1575.00 
2012/8/6,1610.50 
2012/8/13,1609.70 
2012/8/20,1599.40 
2012/8/27,1636.30 
2012/9/3,1666.50 
2012/9/10,1694.80 
2012/9/17,1735.50 
2012/9/24,1766.40 
2012/10/1,1772.60 
2012/10/8,1773.30 
2012/10/15,1763.00 
2012/10/22,1744.30 
2012/10/29,1708.30 
2012/11/5,1710.50 
2012/11/12,1714.50 
2012/11/19,1724.20 
2012/11/26,1722.50 
2012/12/3,1745.60 
2012/12/10,1708.00 
2012/12/17,1708.20 
2012/12/24,1669.50 
2012/12/31,1660.00 
2013/1/7,1687.90 
2013/1/14,1661.50 
2013/1/21,1682.60 
2013/1/28,1691.90 
2013/2/4,1661.50 
2013/2/11,1671.00 
2013/2/18,1650.40 
2013/2/25,1603.70 
2013/3/4,1609.00 
2013/3/11,1574.40 
2013/3/18,1591.50 
2013/3/25,1613.00 
2013/4/1,1602.00 
2013/4/8,1575.50 
2013/4/15,1584.30 
2013/4/22,1386.80 
2013/4/29,1414.60 
2013/5/6,1476.60 
2013/5/13,1448.20 
2013/5/20,1426.20 
2013/5/27,1378.20 
2013/6/3,1379.80 
2013/6/10,1398.10 
2013/6/17,1379.00 
2013/6/24,1367.10 
2013/7/1,1276.10 
2013/7/8,1244.50 
2013/7/15,1238.50 
2013/7/22,1291.40 
2013/7/29,1342.30 
2013/8/5,1325.80 
2013/8/12,1282.40 
2013/8/19,1321.00 
2013/8/26,1372.00 
2013/9/2,1415.30 
2013/9/9,1412.00 
2013/9/16,1365.80 
2013/9/23,1310.20 
2013/9/30,1324.90 
2013/10/7,1287.50 
2013/10/14,1321.50 
2013/10/21,1280.90 
2013/10/28,1341.20 
2013/11/4,1359.70 
2013/11/11,1308.60 
2013/11/18,1282.30 
2013/11/25,1273.00 
2013/12/2,1243.00 
2013/12/9,1244.70 
2013/12/16,1264.40 
2013/12/23,1232.30 
2013/12/30,1205.50 
2014/1/6,1198.60 
2014/1/13,1229.30 
2014/1/20,1242.40 
2014/1/27,1240.10 
2014/2/3,1258.30 
2014/2/10,1255.40 
2014/2/17,1291.50 
2014/2/24,1322.40 
2014/3/3,1399.00 
2014/3/10,1338.40 
2014/3/17,1347.60 
2014/3/24,1353.40 
2014/3/31,1311.10 
2014/4/7,1279.00 
2014/4/14,1308.30 
2014/4/21,1302.90 
2014/4/28,1282.30 
2014/5/5,1294.80 
2014/5/12,1308.40 
2014/5/19,1293.30 
2014/5/26,1290.10 
2014/6/2,1277.40 
2014/6/9,1244.70 
2014/6/16,1261.20 
2014/6/23,1270.30 
2014/6/30,1318.90 
2014/7/7,1326.90 
2014/7/14,1316.00 
2014/7/21,1295.00 
2014/7/28,1319.00 
2014/8/4,1310.00 
2014/8/11,1287.70 
2014/8/18,1309.00 
2014/8/25,1294.00 
2014/9/1,1283.70 
2014/9/8,1264.90 
2014/9/15,1248.30 
2014/9/22,1235.90 
2014/9/29,1216.80 
2014/10/6,1208.80 
2014/10/13,1210.20 
2014/10/20,1235.80 
2014/10/27,1227.90 
2014/11/3,1230.70 
2014/11/10,1167.80 
2014/11/17,1165.50 
2014/11/24,1197.10 
2014/12/1,1197.00 
2014/12/8,1197.60 
2014/12/15,1231.10 
2014/12/22,1194.00 
2014/12/29,1175.00 
2015/1/5,1198.90 
2015/1/12,1218.60 
2015/1/19,1230.30 
2015/1/26,1294.10 
2015/2/2,1288.80 
2015/2/9,1259.70 
2015/2/16,1234.10 
2015/2/23,1207.40 
2015/3/2,1196.50 
2015/3/9,1201.20 
2015/3/16,1161.30 
2015/3/23,1148.30 
2015/3/30,1190.00 
2015/4/6,1183.20 
2015/4/13,1209.50 
2015/4/20,1192.30 
2015/4/27,1201.70 
2015/5/4,1205.30 
2015/5/11,1192.90 
2015/5/18,1179.30 
2015/5/25,1225.10 
2015/6/1,1187.40 
2015/6/8,1193.20 
2015/6/15,1175.50 
2015/6/22,1179.30 
2015/6/29,1176.80 
2015/7/6,1171.10 
2015/7/13,1153.50 
2015/7/20,1153.90 
2015/7/27,1101.00 
2015/8/3,1097.10 
2015/8/10,1087.10 
2015/8/17,1107.80 
2015/8/24,1117.00 
2015/8/31,1139.70 
2015/9/7,1138.20 
2015/9/14,1119.90 
2015/9/21,1103.20 
2015/9/28,1123.00 
2015/10/5,1126.70 
2015/10/12,1146.40 
2015/10/19,1166.20 
2015/10/26,1176.00 
2015/11/2,1164.50 
2015/11/9,1117.50 
2015/11/16,1091.20 
2015/11/23,1068.80 
2015/11/30,1074.80 
2015/12/7,1068.70 
2015/12/14,1074.50 
2015/12/21,1061.80 
2015/12/28,1073.80 
2016/1/4,1079.70 
2016/1/11,1079.10 
2016/1/18,1088.50 
2016/1/25,1088.70 
2016/2/1,1119.00 
2016/2/8,1129.00 
2016/2/15,1189.20 
2016/2/22,1201.00 
2016/2/29,1223.60 
2016/3/7,1231.50 
2016/3/14,1263.20 
2016/3/21,1229.50 
2016/3/28,1246.70 
2016/4/4,1217.70 
2016/4/11,1230.60 
2016/4/18,1255.90 
2016/4/25,1250.70 
2016/5/2,1244.20 
2016/5/9,1287.30 
2016/5/16,1267.40 
2016/5/23,1276.70 
2016/5/30,1228.60 
2016/6/6,1214.80 
2016/6/13,1244.70 
2016/6/20,1286.30 
2016/6/27,1266.90 
2016/7/4,1314.10 
2016/7/11,1356.70 
2016/7/18,1332.40 
2016/7/25,1331.40 
2016/8/1,1320.30 
2016/8/8,1362.60 
2016/8/15,1338.70 
2016/8/22,1345.30 
2016/8/29,1337.70 
2016/9/5,1309.20 
2016/9/12,1347.20 
2016/9/19,1317.00 
2016/9/26,1324.00 
2016/10/3,1327.40 
2016/10/10,1267.00 
2016/10/17,1253.80 
2016/10/24,1261.70 
2016/10/31,1274.10 
2016/11/7,1287.80 
2016/11/14,1275.00 
2016/11/21,1223.90 
2016/11/28,1209.90 
2016/12/5,1187.10 
2016/12/12,1167.70 
2016/12/19,1158.30 
2016/12/26,1131.30 
2017/1/2,1137.40 
2017/1/9,1158.70 
2017/1/16,1184.70 
2017/1/23,1214.60 
2017/1/30,1207.70 
2017/2/6,1209.30 
2017/2/13,1233.20 
2017/2/20,1229.00 
2017/2/27,1237.10 
2017/3/6,1247.40 
2017/3/13,1214.90 
2017/3/20,1205.30 
2017/3/27,1242.30 
2017/4/3,1255.90 
2017/4/10,1254.40 
2017/4/17,1272.90 
2017/4/24,1290.60 
2017/5/1,1263.30 
2017/5/8,1255.30 
2017/5/15,1219.70 
2017/5/22,1236.10 
2017/5/29,1250.60 
2017/6/5,1261.70 
2017/6/12,1293.80 
2017/6/19,1266.90 
2017/6/26,1241.50 
2017/7/3,1249.00 
2017/7/10,1223.00 
2017/7/17,1214.90 
2017/7/24,1241.20 
2017/7/31,1250.70 
2017/8/7,1268.70 
2017/8/14,1260.50 
2017/8/21,1270.80 
2017/8/28,1286.20 
2017/9/4,1314.00 
2017/9/11,1336.90 
2017/9/18,1326.40 
2017/9/25,1309.60 
2017/10/2,1298.80 
2017/10/9,1270.80 
2017/10/16,1288.00 
2017/10/23,1284.00 
2017/10/30,1276.30 
2017/11/6,1268.20 
2017/11/13,1274.00 
2017/11/20,1279.10 
2017/11/27,1282.90 
2017/12/4,1282.90 
2017/12/11,1265.00 
2017/12/18,1242.60 
2017/12/25,1261.90 
2018/1/1,1284.00 
2018/1/8,1316.60 
2018/1/15,1309.60 
2018/1/22,1332.50 
2018/1/29,1335.90 
2018/2/5,1337.50 
2018/2/12,1322.00 
2018/2/19,1329.70 
2018/2/26,1329.00 
2018/3/5,1315.70 
2018/3/12,1333.40 
2018/3/19,1325.30 
2018/3/26,1309.00 
2018/4/2,1341.00 
2018/4/9,1332.20 
2018/4/16,1341.00 
2018/4/23,1348.10 
2018/4/30,1331.70 
2018/5/7,1303.50 
2018/5/14,1308.30 
2018/5/21,1290.30 
2018/6/4,1300.70 
2018/6/11,1296.30 
2018/6/18,1295.10 
2018/6/25,1272.80 
