1987/6/8,1531
1987/6/15,1575
1987/6/22,1577
1987/6/29,1562
1987/7/6,1565
1987/7/13,1625
1987/7/20,1610
1987/7/27,1610
1987/8/3,1647
1987/8/10,1685
1987/8/17,1720
1987/8/24,1728
1987/8/31,1745
1987/9/7,1670
1987/9/14,1656
1987/9/21,1700
1987/9/28,1745
1987/10/5,1825
1987/10/12,1885
1987/10/19,1945
1987/10/26,1750
1987/11/2,1785
1987/11/9,1660
1987/11/16,1630
1987/11/23,1695
1987/11/30,1670
1987/12/7,1660
1987/12/14,1695
1987/12/21,1760
1987/12/28,1825
1988/1/4,1890
1988/1/11,1905
1988/1/18,1890
1988/1/25,1935
1988/2/1,1875
1988/2/8,1870
1988/2/15,1910
1988/2/22,2100
1988/2/29,2170
1988/3/7,2180
1988/3/14,2200
1988/3/21,2240
1988/3/28,2365
1988/4/4,2460
1988/4/11,2530
1988/4/18,2270
1988/4/25,2170
1988/5/2,2110
1988/5/9,2250
1988/5/16,2385
1988/5/23,2480
1988/5/30,2430
1988/6/6,2615
1988/6/13,2740
1988/6/20,2830
1988/6/27,3195
1988/7/4,2730
1988/7/11,2650
1988/7/18,2640
1988/7/25,2460
1988/8/1,2630
1988/8/8,2545
1988/8/15,2675
1988/8/22,2725
1988/8/29,2760
1988/9/5,2790
1988/9/12,2565
1988/9/19,2510
1988/9/26,2330
1988/10/3,2165
1988/10/10,2117
1988/10/17,2212
1988/10/24,2150
1988/10/31,2292
1988/11/7,2280
1988/11/14,2412
1988/11/21,2302
1988/11/28,2290
1988/12/5,2333
1988/12/12,2390
1988/12/19,2395
1988/12/26,2406
1989/1/2,2460
1989/1/9,2515
1989/1/16,2370
1989/1/23,2380
1989/1/30,2370
1989/2/6,2250
1989/2/13,2150
1989/2/20,2135
1989/2/27,2149
1989/3/6,2183
1989/3/13,2225
1989/3/20,1975
1989/3/27,1905
1989/4/3,1998
1989/4/10,1978
1989/4/17,2040
1989/4/24,2116
1989/5/1,2171
1989/5/8,2140
1989/5/15,2170
1989/5/22,2225
1989/5/29,1988
1989/6/5,1980
1989/6/12,1902
1989/6/19,1855
1989/6/26,1864
1989/7/3,1826
1989/7/10,1777
1989/7/17,1720
1989/7/24,1713
1989/7/31,1761
1989/8/7,1801
1989/8/14,1745
1989/8/21,1780
1989/8/28,1826
1989/9/4,1856
1989/9/11,1748
1989/9/18,1703
1989/9/25,1695
1989/10/2,1686
1989/10/9,1735
1989/10/16,1763
1989/10/23,1805
1989/10/30,1774
1989/11/6,1736
1989/11/13,1704
1989/11/20,1735
1989/11/27,1711
1989/12/4,1705
1989/12/11,1659
1989/12/18,1606
1989/12/25,1590
1990/1/1,1628
1990/1/8,1632
1990/1/15,1611
1990/1/22,1514
1990/1/29,1478
1990/2/5,1452
1990/2/12,1429
1990/2/19,1434
1990/2/26,1505
1990/3/5,1489
1990/3/12,1545
1990/3/19,1540
1990/3/26,1595
1990/4/2,1584
1990/4/9,1586
1990/4/16,1502
1990/4/23,1480
1990/4/30,1552
1990/5/7,1523
1990/5/14,1515
1990/5/21,1559
1990/5/28,1561
1990/6/4,1577
1990/6/11,1612
1990/6/18,1589
1990/6/25,1589
1990/7/2,1545
1990/7/9,1555
1990/7/16,1580
1990/7/23,1575
1990/7/30,1592
1990/8/6,1746
1990/8/13,1779
1990/8/20,1821
1990/8/27,1814
1990/9/3,1825
1990/9/10,1869
1990/9/17,1992
1990/9/24,2059
1990/10/1,1945
1990/10/8,1856
1990/10/15,1865
1990/10/22,1795
1990/10/29,1785
1990/11/5,1735
1990/11/12,1648
1990/11/19,1656
1990/11/26,1601
1990/12/3,1585
1990/12/10,1535
1990/12/17,1552
1990/12/24,1573
1990/12/31,1573
1991/1/7,1571
1991/1/14,1572
1991/1/21,1562
1991/1/28,1560
1991/2/4,1519
1991/2/11,1503
1991/2/18,1546
1991/2/25,1532
1991/3/4,1572
1991/3/11,1572
1991/3/18,1539
1991/3/25,1529
1991/4/1,1471
1991/4/8,1455
1991/4/15,1434
1991/4/22,1412
1991/4/29,1404
1991/5/6,1369
1991/5/13,1336
1991/5/20,1350
1991/5/27,1331
1991/6/3,1299
1991/6/10,1255
1991/6/17,1318
1991/6/24,1357
1991/7/1,1321
1991/7/8,1347
1991/7/15,1343
1991/7/22,1335
1991/7/29,1315
1991/8/5,1295
1991/8/12,1290
1991/8/19,1299
1991/8/26,1274
1991/9/2,1278
1991/9/9,1284
1991/9/16,1283
1991/9/23,1223
1991/9/30,1199
1991/10/7,1175.5
1991/10/14,1150
1991/10/21,1140
1991/10/28,1224
1991/11/4,1181.5
1991/11/11,1184
1991/11/18,1163
1991/11/25,1158
1991/12/2,1144
1991/12/9,1106
1991/12/16,1104.5
1991/12/23,1131.5
1991/12/30,1137.5
1992/1/6,1150
1992/1/13,1134
1992/1/20,1139.5
1992/1/27,1223.5
1992/2/3,1277
1992/2/10,1234
1992/2/17,1267.5
1992/2/24,1315
1992/3/2,1341
1992/3/9,1306
1992/3/16,1291.5
1992/3/23,1288
1992/3/30,1302
1992/4/6,1314
1992/4/13,1332
1992/4/20,1368
1992/4/27,1354.5
1992/5/4,1329
1992/5/11,1308
1992/5/18,1326.5
1992/5/25,1348
1992/6/1,1345.5
1992/6/8,1334
1992/6/15,1305.5
1992/6/22,1296
1992/6/29,1258.5
1992/7/6,1344.5
1992/7/13,1337.5
1992/7/20,1315.5
1992/7/27,1341.5
1992/8/3,1355
1992/8/10,1348.5
1992/8/17,1331.5
1992/8/24,1324
1992/8/31,1327.5
1992/9/7,1319.5
1992/9/14,1298.5
1992/9/21,1297
1992/9/28,1287.5
1992/10/5,1283
1992/10/12,1217
1992/10/19,1186
1992/10/26,1174
1992/11/2,1183.5
1992/11/9,1167.5
1992/11/16,1165
1992/11/23,1171.5
1992/11/30,1209.5
1992/12/7,1216.5
1992/12/14,1206.5
1992/12/21,1223
1992/12/28,1256
1993/1/4,1257.5
1993/1/11,1258
1993/1/18,1246
1993/1/25,1232.5
1993/2/1,1210
1993/2/8,1215
1993/2/15,1234.5
1993/2/22,1219.5
1993/3/1,1219.5
1993/3/8,1186.5
1993/3/15,1180
1993/3/22,1164.5
1993/3/29,1176
1993/4/5,1153
1993/4/12,1128
1993/4/19,1139
1993/4/26,1116.5
1993/5/3,1133
1993/5/10,1147.5
1993/5/17,1152
1993/5/24,1145
1993/5/31,1140
1993/6/7,1145
1993/6/14,1180.5
1993/6/21,1179
1993/6/28,1202.5
1993/7/5,1233
1993/7/12,1256
1993/7/19,1201
1993/7/26,1194
1993/8/2,1217
1993/8/9,1236.5
1993/8/16,1207.5
1993/8/23,1188.5
1993/8/30,1168.5
1993/9/6,1167.5
1993/9/13,1165.5
1993/9/20,1126
1993/9/27,1118
1993/10/4,1120.5
1993/10/11,1113
1993/10/18,1113
1993/10/25,1112.5
1993/11/1,1078
1993/11/8,1053
1993/11/15,1052.5
1993/11/22,1054
1993/11/29,1078.5
1993/12/6,1065.5
1993/12/13,1100
1993/12/20,1143
1993/12/27,1123
1994/1/3,1133
1994/1/10,1129
1994/1/17,1165.5
1994/1/24,1214.5
1994/1/31,1204.5
1994/2/7,1266
1994/2/14,1305
1994/2/21,1239
1994/2/28,1313.5
1994/3/7,1308
1994/3/14,1284
1994/3/21,1285
1994/3/28,1338.5
1994/4/4,1341.5
1994/4/11,1310
1994/4/18,1328
1994/4/25,1291.5
1994/5/2,1283.5
1994/5/9,1320
1994/5/16,1337
1994/5/23,1364.5
1994/5/30,1379.5
1994/6/6,1363
1994/6/13,1369.5
1994/6/20,1430
1994/6/27,1466
1994/7/4,1458.5
1994/7/11,1529.5
1994/7/18,1541
1994/7/25,1515
1994/8/1,1513
1994/8/8,1459
1994/8/15,1466
1994/8/22,1472.5
1994/8/29,1490.5
1994/9/5,1524.5
1994/9/12,1563.5
1994/9/19,1589.5
1994/9/26,1606
1994/10/3,1602
1994/10/10,1633
1994/10/17,1639
1994/10/24,1736
1994/10/31,1742
1994/11/7,1857
1994/11/14,1848
1994/11/21,1889
1994/11/28,1999.5
1994/12/5,1871
1994/12/12,1873
1994/12/19,1847.5
1994/12/26,1893
1995/1/2,1951
1995/1/9,2033
1995/1/16,2042
1995/1/23,2090
1995/1/30,2188
1995/2/6,2145
1995/2/13,1980
1995/2/20,1891
1995/2/27,1934
1995/3/6,1799
1995/3/13,1816
1995/3/20,1847
1995/3/27,1779
1995/4/3,1848
1995/4/10,1910
1995/4/17,1869
1995/4/24,1860
1995/5/1,1831
1995/5/8,1771
1995/5/15,1740
1995/5/22,1766
1995/5/29,1830
1995/6/5,1832
1995/6/12,1774
1995/6/19,1754
1995/6/26,1792
1995/7/3,1799
1995/7/10,1820
1995/7/17,1867
1995/7/24,1919
1995/7/31,1898
1995/8/7,1875
1995/8/14,1917
1995/8/21,1941
1995/8/28,1915
1995/9/4,1885
1995/9/11,1785
1995/9/18,1804
1995/9/25,1798
1995/10/2,1812
1995/10/9,1775
1995/10/16,1690
1995/10/23,1674
1995/10/30,1675
1995/11/6,1705
1995/11/13,1694
1995/11/20,1663
1995/11/27,1683
1995/12/4,1682
1995/12/11,1671
1995/12/18,1676
1995/12/25,1686.5
1996/1/1,1708
1996/1/8,1698
1996/1/15,1596
1996/1/22,1594
1996/1/29,1574
1996/2/5,1579
1996/2/12,1608
1996/2/19,1635
1996/2/26,1623
1996/3/4,1609
1996/3/11,1624
1996/3/18,1645
1996/3/25,1645
1996/4/1,1675.5
1996/4/8,1638
1996/4/15,1632
1996/4/22,1604
1996/4/29,1607
1996/5/6,1627
1996/5/13,1655
1996/5/20,1645
1996/5/27,1584
1996/6/3,1582
1996/6/10,1560
1996/6/17,1508
1996/6/24,1508
1996/7/1,1504
1996/7/8,1495
1996/7/15,1501
1996/7/22,1468.5
1996/7/29,1509.5
1996/8/5,1538
1996/8/12,1512
1996/8/19,1514.5
1996/8/26,1489
1996/9/2,1482
1996/9/9,1505
1996/9/16,1462
1996/9/23,1416.5
1996/9/30,1400
1996/10/7,1367.5
1996/10/14,1346.5
1996/10/21,1356
1996/10/28,1367
1996/11/4,1408
1996/11/11,1432
1996/11/18,1454.5
1996/11/25,1464
1996/12/2,1535
1996/12/9,1527
1996/12/16,1503.5
1996/12/23,1530
1996/12/30,1557
1997/1/6,1546
1997/1/13,1560.5
1997/1/20,1608
1997/1/27,1618
1997/2/3,1632
1997/2/10,1617.5
1997/2/17,1547
1997/2/24,1584
1997/3/3,1643
1997/3/10,1686
1997/3/17,1675
1997/3/24,1642
1997/3/31,1653
1997/4/7,1630.5
1997/4/14,1582.5
1997/4/21,1555
1997/4/28,1593
1997/5/5,1637.5
1997/5/12,1632
1997/5/19,1670
1997/5/26,1647
1997/6/2,1636
1997/6/9,1578
1997/6/16,1617
1997/6/23,1584
1997/6/30,1577
1997/7/7,1603
1997/7/14,1565
1997/7/21,1563
1997/7/28,1615
1997/8/4,1700
1997/8/11,1721
1997/8/18,1715
1997/8/25,1634
1997/9/1,1665
1997/9/8,1600
1997/9/15,1615
1997/9/22,1610
1997/9/29,1655
1997/10/6,1643
1997/10/13,1645
1997/10/20,1633.5
1997/10/27,1598
1997/11/3,1599
1997/11/10,1626
1997/11/17,1639.5
1997/11/24,1639
1997/12/1,1603
1997/12/8,1591
1997/12/15,1582.5
1997/12/22,1517
1997/12/29,1532
1998/1/5,1567
1998/1/12,1504
1998/1/19,1504
1998/1/26,1497
1998/2/2,1545
1998/2/9,1514.5
1998/2/16,1498
1998/2/23,1467
1998/3/2,1440.5
1998/3/9,1453.5
1998/3/16,1468
1998/3/23,1478
1998/3/30,1455
1998/4/6,1447
1998/4/13,1431.5
1998/4/20,1452
1998/4/27,1463.5
1998/5/4,1473
1998/5/11,1442
1998/5/18,1397
1998/5/25,1381
1998/6/1,1362.5
1998/6/8,1347
1998/6/15,1336
1998/6/22,1316
1998/6/29,1348
1998/7/6,1324.5
1998/7/13,1297
1998/7/20,1309.5
1998/7/27,1362
1998/8/3,1370
1998/8/10,1327
1998/8/17,1321
1998/8/24,1327
1998/8/31,1350
1998/9/7,1383
1998/9/14,1404
1998/9/21,1373
1998/9/28,1328.5
1998/10/5,1352
1998/10/12,1327
1998/10/19,1366
1998/10/26,1341.5
1998/11/2,1304
1998/11/9,1312
1998/11/16,1312
1998/11/23,1311
1998/11/30,1297
1998/12/7,1297.5
1998/12/14,1265
1998/12/21,1246.5
1998/12/28,1249.5
1999/1/4,1253
1999/1/11,1228
1999/1/18,1253
1999/1/25,1225
1999/2/1,1219.5
1999/2/8,1216
1999/2/15,1230
1999/2/22,1193
1999/3/1,1183
1999/3/8,1170
1999/3/15,1164
1999/3/22,1170
1999/3/29,1260
1999/4/5,1224
1999/4/12,1249
1999/4/19,1309.5
1999/4/26,1314
1999/5/3,1330
1999/5/10,1359
1999/5/17,1373
1999/5/24,1359
1999/5/31,1331
1999/6/7,1286.5
1999/6/14,1315
1999/6/21,1348
1999/6/28,1372.5
1999/7/5,1405
1999/7/12,1389
1999/7/19,1447
1999/7/26,1437
1999/8/2,1453
1999/8/9,1414
1999/8/16,1457
1999/8/23,1482
1999/8/30,1479
1999/9/6,1486
1999/9/13,1519.5
1999/9/20,1525
1999/9/27,1558
1999/10/4,1539
1999/10/11,1530
1999/10/18,1510
1999/10/25,1514
1999/11/1,1496
1999/11/8,1511
1999/11/15,1507.5
1999/11/22,1492
1999/11/29,1506
1999/12/6,1563
1999/12/13,1563
1999/12/20,1570
1999/12/27,1599
2000/1/3,1634
2000/1/10,1637
2000/1/17,1659
2000/1/24,1724
2000/1/31,1722
2000/2/7,1727
2000/2/14,1670
2000/2/21,1656
2000/2/28,1647
2000/3/6,1589
2000/3/13,1607
2000/3/20,1618.5
2000/3/27,1615
2000/4/3,1593
2000/4/10,1518
2000/4/17,1511
2000/4/24,1457
2000/5/1,1492
2000/5/8,1503
2000/5/15,1481
2000/5/22,1526
2000/5/29,1517
2000/6/5,1466
2000/6/12,1461
2000/6/19,1488
2000/6/26,1556
2000/7/3,1576
2000/7/10,1577
2000/7/17,1597
2000/7/24,1613
2000/7/31,1587
2000/8/7,1568
2000/8/14,1544
2000/8/21,1554
2000/8/28,1554
2000/9/4,1570
2000/9/11,1610
2000/9/18,1659
2000/9/25,1637
2000/10/2,1596
2000/10/9,1544
2000/10/16,1536
2000/10/23,1494
2000/10/30,1506
2000/11/6,1494
2000/11/13,1492
2000/11/20,1486
2000/11/27,1498
2000/12/4,1532
2000/12/11,1526
2000/12/18,1602
2000/12/25,1602
2001/1/1,1556
2001/1/8,1550
2001/1/15,1562
2001/1/22,1543
2001/1/29,1606
2001/2/5,1633
2001/2/12,1590
2001/2/19,1592
2001/2/26,1587
2001/3/5,1561
2001/3/12,1586
2001/3/19,1539
2001/3/26,1510
2001/4/2,1517
2001/4/9,1481
2001/4/16,1520
2001/4/23,1508
2001/4/30,1519
2001/5/7,1554
2001/5/14,1547
2001/5/21,1510
2001/5/28,1539
2001/6/4,1517
2001/6/11,1517
2001/6/18,1497
2001/6/25,1495
2001/7/2,1477
2001/7/9,1470
2001/7/16,1461.5
2001/7/23,1459
2001/7/30,1423
2001/8/6,1409
2001/8/13,1393
2001/8/20,1390
2001/8/27,1401
2001/9/3,1421
2001/9/10,1404
2001/9/17,1392
2001/9/24,1374
2001/10/1,1337
2001/10/8,1335
2001/10/15,1307
2001/10/22,1317
2001/10/29,1299
2001/11/5,1297
2001/11/12,1268
2001/11/19,1365
2001/11/26,1370.5
2001/12/3,1399
2001/12/10,1395
2001/12/17,1365
2001/12/24,1367
2001/12/31,1360
2002/1/7,1339
2002/1/14,1416
2002/1/21,1392
2002/1/28,1382
2002/2/4,1357.5
2002/2/11,1392
2002/2/18,1382
2002/2/25,1368.5
2002/3/4,1370
2002/3/11,1412
2002/3/18,1426
2002/3/25,1455
2002/4/1,1394
2002/4/8,1410
2002/4/15,1383
2002/4/22,1382.5
2002/4/29,1400
2002/5/6,1396
2002/5/13,1375.5
2002/5/20,1367.5
2002/5/27,1343.5
2002/6/3,1375
2002/6/10,1409
2002/6/17,1394
2002/6/24,1366
2002/7/1,1358
2002/7/8,1376
2002/7/15,1371
2002/7/22,1378
2002/7/29,1323
2002/8/5,1320
2002/8/12,1312
2002/8/19,1307.5
2002/8/26,1318.5
2002/9/2,1322.5
2002/9/9,1308
2002/9/16,1350
2002/9/23,1327
2002/9/30,1294
2002/10/7,1298.5
2002/10/14,1292.5
2002/10/21,1322.5
2002/10/28,1326
2002/11/4,1333
2002/11/11,1368
2002/11/18,1395
2002/11/25,1376.5
2002/12/2,1359
2002/12/9,1376
2002/12/16,1383.5
2002/12/23,1387.5
2002/12/30,1375
2003/1/6,1350
2003/1/13,1348.5
2003/1/20,1370
2003/1/27,1385.5
2003/2/3,1404
2003/2/10,1413
2003/2/17,1412
2003/2/24,1388
2003/3/3,1424
2003/3/10,1413.5
2003/3/17,1413
2003/3/24,1383.5
2003/3/31,1381
2003/4/7,1344
2003/4/14,1339
2003/4/21,1350
2003/4/28,1361
2003/5/5,1357
2003/5/12,1374
2003/5/19,1405
2003/5/26,1411
2003/6/2,1410
2003/6/9,1427.5
2003/6/16,1383
2003/6/23,1397.5
2003/6/30,1378.5
2003/7/7,1364.5
2003/7/14,1400
2003/7/21,1410
2003/7/28,1391
2003/8/4,1454
2003/8/11,1436
2003/8/18,1415
2003/8/25,1440
2003/9/1,1427
2003/9/8,1434
2003/9/15,1391
2003/9/22,1408
2003/9/29,1431
2003/10/6,1420.5
2003/10/13,1458.5
2003/10/20,1475
2003/10/27,1498
2003/11/3,1491
2003/11/10,1523.5
2003/11/17,1511
2003/11/24,1513
2003/12/1,1511
2003/12/8,1563
2003/12/15,1561
2003/12/22,1575
2003/12/29,1580
2004/1/5,1598
2004/1/12,1608
2004/1/19,1600
2004/1/26,1624
2004/2/2,1625
2004/2/9,1664
2004/2/16,1668
2004/2/23,1744
2004/3/1,1740
2004/3/8,1726
2004/3/15,1654
2004/3/22,1692
2004/3/29,1647
2004/4/5,1684
2004/4/12,1748
2004/4/19,1758
2004/4/26,1839
2004/5/3,1733
2004/5/10,1685
2004/5/17,1594
2004/5/24,1625
2004/5/31,1643
2004/6/7,1706
2004/6/14,1668
2004/6/21,1654
2004/6/28,1689.5
2004/7/5,1695
2004/7/12,1720
2004/7/19,1726
2004/7/26,1723
2004/8/2,1657
2004/8/9,1698
2004/8/16,1682
2004/8/23,1719
2004/8/30,1710
2004/9/6,1700
2004/9/13,1678
2004/9/20,1701
2004/9/27,1808
2004/10/4,1796
2004/10/11,1836
2004/10/18,1827
2004/10/25,1758
2004/11/1,1747
2004/11/8,1790
2004/11/15,1800
2004/11/22,1802
2004/11/29,1789
2004/12/6,1844
2004/12/13,1831
2004/12/20,1797
2004/12/27,1889
2005/1/3,1961
2005/1/10,1801
2005/1/17,1831
2005/1/24,1833
2005/1/31,1808
2005/2/7,1842
2005/2/14,1810
2005/2/21,1870
2005/2/28,1964
2005/3/7,1901
2005/3/14,1982
2005/3/21,1991
2005/3/28,1983
2005/4/4,1941
2005/4/11,1932
2005/4/18,1949
2005/4/25,1873
2005/5/2,1821
2005/5/9,1794
2005/5/16,1785
2005/5/23,1730
2005/5/30,1741
2005/6/6,1740
2005/6/13,1747
2005/6/20,1712
2005/6/27,1775
2005/7/4,1723
2005/7/11,1710
2005/7/18,1795
2005/7/25,1825
2005/8/1,1825
2005/8/8,1882
2005/8/15,1842
2005/8/22,1938
2005/8/29,1918
2005/9/5,1871
2005/9/12,1862
2005/9/19,1862
2005/9/26,1811
2005/10/3,1860
2005/10/10,1860
2005/10/17,1934
2005/10/24,1988
2005/10/31,1968
2005/11/7,1975
2005/11/14,2012
2005/11/21,2008
2005/11/28,2034
2005/12/5,2124
2005/12/12,2220
2005/12/19,2248
2005/12/26,2222
2006/1/2,2272
2006/1/9,2280
2006/1/16,2342
2006/1/23,2382
2006/1/30,2449
2006/2/6,2517
2006/2/13,2575
2006/2/20,2483
2006/2/27,2430
2006/3/6,2411
2006/3/13,2345
2006/3/20,2457
2006/3/27,2475
2006/4/3,2540
2006/4/10,2466
2006/4/17,2565
2006/4/24,2717
2006/5/1,2794
2006/5/8,2785
2006/5/15,3005
2006/5/22,2986
2006/5/29,2864
2006/6/5,2705
2006/6/12,2551
2006/6/19,2438
2006/6/26,2475
2006/7/3,2490
2006/7/10,2580
2006/7/17,2605
2006/7/24,2526
2006/7/31,2521
2006/8/7,2540
2006/8/14,2567
2006/8/21,2495
2006/8/28,2483
2006/9/4,2475
2006/9/11,2568
2006/9/18,2460
2006/9/25,2450
2006/10/2,2530
2006/10/9,2550
2006/10/16,2589
2006/10/23,2677
2006/10/30,2697
2006/11/6,2786
2006/11/13,2805
2006/11/20,2692
2006/11/27,2680
2006/12/4,2703
2006/12/11,2839
2006/12/18,2800
2006/12/25,2798
2007/1/1,2826
2007/1/8,2788
2007/1/15,2665
2007/1/22,2685
2007/1/29,2815
2007/2/5,2709
2007/2/12,2705
2007/2/19,2810
2007/2/26,2739
2007/3/5,2855
2007/3/12,2694
2007/3/19,2710
2007/3/26,2775
2007/4/2,2755
2007/4/9,2848
2007/4/16,2870
2007/4/23,2886
2007/4/30,2837
2007/5/7,2835
2007/5/14,2900
2007/5/21,2840
2007/5/28,2845
2007/6/4,2765
2007/6/11,2791
2007/6/18,2697
2007/6/25,2708
2007/7/2,2691
2007/7/9,2748
2007/7/16,2803
2007/7/23,2802
2007/7/30,2823
2007/8/6,2745
2007/8/13,2664
2007/8/20,2563
2007/8/27,2490
2007/9/3,2529
2007/9/10,2465
2007/9/17,2455
2007/9/24,2409
2007/10/1,2457
2007/10/8,2485.25
2007/10/15,2426
2007/10/22,2495
2007/10/29,2527
2007/11/5,2521
2007/11/12,2636
2007/11/19,2579
2007/11/26,2540
2007/12/3,2508
2007/12/10,2468
2007/12/17,2471
2007/12/24,2410
2007/12/31,2420
2008/1/7,2435.75
2008/1/14,2504
2008/1/21,2490
2008/1/28,2435
2008/2/4,2640
2008/2/11,2618
2008/2/18,2650
2008/2/25,2867
2008/3/3,2993
2008/3/10,3090
2008/3/17,3040
2008/3/24,2980
2008/3/31,2905
2008/4/7,2958
2008/4/14,2985
2008/4/21,2994
2008/4/28,3084
2008/5/5,2959
2008/5/12,2966.25
2008/5/19,2935
2008/5/26,2996
2008/6/2,2990
2008/6/9,2927
2008/6/16,2950
2008/6/23,3048
2008/6/30,3090
2008/7/7,3155
2008/7/14,3156
2008/7/21,3217
2008/7/28,3030
2008/8/4,2970
2008/8/11,2908
2008/8/18,2776
2008/8/25,2792
2008/9/1,2780
2008/9/8,2701.75
2008/9/15,2608
2008/9/22,2520
2008/9/29,2515
2008/10/6,2440
2008/10/13,2283
2008/10/20,2292
2008/10/27,2083
2008/11/3,2117
2008/11/10,2108
2008/11/17,1949.5
2008/11/24,1905
2008/12/1,1810
2008/12/8,1694
2008/12/15,1504
2008/12/22,1484
2008/12/29,1560
2009/1/5,1498
2009/1/12,1622
2009/1/19,1515
2009/1/26,1389
2009/2/2,1340
2009/2/9,1403
2009/2/16,1395
2009/2/23,1331
2009/3/2,1335
2009/3/9,1318
2009/3/16,1323
2009/3/23,1367
2009/3/30,1419
2009/4/6,1395
2009/4/13,1470
2009/4/20,1512.25
2009/4/27,1460
2009/5/4,1432
2009/5/11,1533.5
2009/5/18,1539
2009/5/25,1500
2009/6/1,1456.75
2009/6/8,1470.25
2009/6/15,1661
2009/6/22,1595
2009/6/29,1610.75
2009/7/6,1629
2009/7/13,1615
2009/7/20,1602
2009/7/27,1704
2009/8/3,1834.75
2009/8/10,1992
2009/8/17,1939
2009/8/24,1997
2009/8/31,1898
2009/9/7,1850
2009/9/14,1894.25
2009/9/21,1867
2009/9/28,1899
2009/10/5,1849
2009/10/12,1815.75
2009/10/19,1909.75
2009/10/26,1921
2009/11/2,1987
2009/11/9,1912
2009/11/16,1954
2009/11/23,2054.75
2009/11/30,2020
2009/12/7,2105
2009/12/14,2125
2009/12/21,2235
2009/12/28,2237
2010/1/4,2272
2010/1/11,2300
2010/1/18,2260
2010/1/25,2309
2010/2/1,2222
2010/2/8,2128
2010/2/15,2050
2010/2/22,2137
2010/3/1,2115
2010/3/8,2170
2010/3/15,2253
2010/3/22,2258
2010/3/29,2250
2010/4/5,2286
2010/4/12,2353
2010/4/19,2446
2010/4/26,2385
2010/5/3,2154
2010/5/10,2169
2010/5/17,2105
2010/5/24,2038.5
2010/5/31,2008
2010/6/7,1996.5
2010/6/14,1913
2010/6/21,2018
2010/6/28,1962
2010/7/5,1948
2010/7/12,1980
2010/7/19,1994
2010/7/26,1976
2010/8/2,2059
2010/8/9,2195
2010/8/16,2172.5
2010/8/23,2148
2010/8/30,2026
2010/9/6,2045
2010/9/13,2161
2010/9/20,2152
2010/9/27,2173
2010/10/4,2313
2010/10/11,2378
2010/10/18,2429
2010/10/25,2338
2010/11/1,2381.25
2010/11/8,2430
2010/11/15,2470
2010/11/22,2256
2010/11/29,2251.75
2010/12/6,2280.5
2010/12/13,2305
2010/12/20,2368
2010/12/27,2428
2011/1/3,2459
2011/1/10,2470
2011/1/17,2491
2011/1/24,2452
2011/1/31,2375.5
2011/2/7,2541.25
2011/2/14,2561
2011/2/21,2492
2011/2/28,2515
2011/3/7,2603
2011/3/14,2604
2011/3/21,2498
2011/3/28,2590.25
2011/4/4,2649.5
2011/4/11,2631.25
2011/4/18,2654
2011/4/25,2717
2011/5/2,2737.5
2011/5/9,2786.75
2011/5/16,2653
2011/5/23,2514.5
2011/5/30,2505
2011/6/6,2660.75
2011/6/13,2687
2011/6/20,2643
2011/6/27,2539
2011/7/4,2523
2011/7/11,2570.75
2011/7/18,2494
2011/7/25,2550
2011/8/1,2643
2011/8/8,2574.5
2011/8/15,2411
2011/8/22,2375
2011/8/29,2380
2011/9/5,2427
2011/9/12,2389.75
2011/9/19,2370
2011/9/26,2323
2011/10/3,2251.75
2011/10/10,2174
2011/10/17,2224
2011/10/24,2210
2011/10/31,2211
2011/11/7,2119
2011/11/14,2150.25
2011/11/21,2140.25
2011/11/28,2085
2011/12/5,1996.5
2011/12/12,2110
2011/12/19,2008
2011/12/26,2002.25
2012/1/2,1984
2012/1/9,2063.75
2012/1/16,2158
2012/1/23,2218.5
2012/1/30,2243
2012/2/6,2248
2012/2/13,2255
2012/2/20,2218.75
2012/2/27,2250.25
2012/3/5,2307.5
2012/3/12,2232
2012/3/19,2255
2012/3/26,2254
2012/4/2,2194.75
2012/4/9,2126
2012/4/16,2071.5
2012/4/23,2080.25
2012/4/30,2080
2012/5/7,2117
2012/5/14,2056
2012/5/21,2024
2012/5/28,2028
2012/6/4,2015
2012/6/11,1981
2012/6/18,1970
2012/6/25,1927.5
2012/7/2,1848
2012/7/9,1971
2012/7/16,1910
2012/7/23,1905.75
2012/7/30,1866.5
2012/8/6,1889
2012/8/13,1905.75
2012/8/20,1859
2012/8/27,1868.75
2012/9/3,1907.5
2012/9/10,1937
2012/9/17,2073
2012/9/24,2150
2012/10/1,2100
2012/10/8,2103
2012/10/15,2049
2012/10/22,1958
2012/10/29,1951.25
2012/11/5,1918.75
2012/11/12,1928.5
2012/11/19,1978.5
2012/11/26,1956.5
2012/12/3,2006
2012/12/10,2090
2012/12/17,2112
2012/12/24,2099
2012/12/31,2080.5
2013/1/7,2161
2013/1/14,2065
2013/1/21,2056.75
2013/1/28,2071
2013/2/4,2063.75
2013/2/11,2118
2013/2/18,2116.5
2013/2/25,2114.25
2013/3/4,2033.75
2013/3/11,1977.5
2013/3/18,1982
2013/3/25,1936.25
2013/4/1,1914
2013/4/8,1886.75
2013/4/15,1918.5
2013/4/22,1923.25
2013/4/29,1887
2013/5/6,1869
2013/5/13,1884
2013/5/20,1855.5
2013/5/27,1855.75
2013/6/3,1851
2013/6/10,1943
2013/6/17,1887.25
2013/6/24,1841
2013/7/1,1778
2013/7/8,1824.75
2013/7/15,1793
2013/7/22,1814
2013/7/29,1846
2013/8/5,1780
2013/8/12,1786.5
2013/8/19,1880
2013/8/26,1916
2013/9/2,1886.75
2013/9/9,1823.75
2013/9/16,1804
2013/9/23,1779.75
2013/9/30,1799
2013/10/7,1823.25
2013/10/14,1862.5
2013/10/21,1854
2013/10/28,1877
2013/11/4,1879
2013/11/11,1822
2013/11/18,1800.5
2013/11/25,1792.75
2013/12/2,1773
2013/12/9,1738.75
2013/12/16,1801
2013/12/23,1798
2013/12/30,1759.25
2014/1/6,1800.25
2014/1/13,1783.25
2014/1/20,1761
2014/1/27,1801
2014/2/3,1756.25
2014/2/10,1689
2014/2/17,1709
2014/2/24,1761.5
2014/3/3,1771
2014/3/10,1770
2014/3/17,1752
2014/3/24,1736.25
2014/3/31,1750.5
2014/4/7,1794
2014/4/14,1824.25
2014/4/21,1851.5
2014/4/28,1890
2014/5/5,1817.25
2014/5/12,1785.75
2014/5/19,1780
2014/5/26,1769.5
2014/6/2,1821
2014/6/9,1843
2014/6/16,1896
2014/6/23,1853
2014/6/30,1893.75
2014/7/7,1882
2014/7/14,1937
2014/7/21,1962.25
2014/7/28,2044.5
2014/8/4,1982
2014/8/11,2012.75
2014/8/18,2050.5
2014/8/25,2037
2014/9/1,2083.25
2014/9/8,2105
2014/9/15,2071.75
2014/9/22,2035
2014/9/29,1962.5
2014/10/6,1950
2014/10/13,1932
2014/10/20,1950.25
2014/10/27,1987
2014/11/3,1995
2014/11/10,2060
2014/11/17,2044.75
2014/11/24,2015
2014/12/1,2049.75
2014/12/8,1978
2014/12/15,1972
2014/12/22,1911
2014/12/29,1870
2015/1/5,1868
2015/1/12,1786
2015/1/19,1785
2015/1/26,1844
2015/2/2,1857
2015/2/9,1891.5
2015/2/16,1841
2015/2/23,1823
2015/3/2,1810
2015/3/9,1797
2015/3/16,1770
2015/3/23,1787
2015/3/30,1791.5
2015/4/6,1785
2015/4/13,1783
2015/4/20,1785
2015/4/27,1819
2015/5/4,1874.5
2015/5/11,1969
2015/5/18,1892
2015/5/25,1794.5
2015/6/1,1757.5
2015/6/8,1744
2015/6/15,1749.5
2015/6/22,1704
2015/6/29,1725
2015/7/6,1690
2015/7/13,1674
2015/7/20,1704.5
2015/7/27,1662
2015/8/3,1664.5
2015/8/10,1616
2015/8/17,1589
2015/8/24,1551
2015/8/31,1556
2015/9/7,1597
2015/9/14,1632.5
2015/9/21,1617.5
2015/9/28,1587
2015/10/5,1567
2015/10/12,1558
2015/10/19,1592
2015/10/26,1543
2015/11/2,1482
2015/11/9,1506
2015/11/16,1508
2015/11/23,1472.5
2015/11/30,1455
2015/12/7,1478
2015/12/14,1475.5
2015/12/21,1477.5
2015/12/28,1506.5
2016/1/4,1525
2016/1/11,1469
2016/1/18,1449.5
2016/1/25,1481
2016/2/1,1496.5
2016/2/8,1499
2016/2/15,1481
2016/2/22,1528
2016/2/29,1547
2016/3/7,1579
2016/3/14,1566
2016/3/21,1518.5
2016/3/28,1502.5
2016/4/4,1493
2016/4/11,1524
2016/4/18,1536.5
2016/4/25,1585.5
2016/5/2,1645
2016/5/9,1637.5
2016/5/16,1559
2016/5/23,1543
2016/5/30,1553
2016/6/6,1557
2016/6/13,1565
2016/6/20,1608
2016/6/27,1637
2016/7/4,1628
2016/7/11,1655
2016/7/18,1675
2016/7/25,1644
2016/8/1,1596
2016/8/8,1621
2016/8/15,1644
2016/8/22,1693
2016/8/29,1670
2016/9/5,1629.5
2016/9/12,1588
2016/9/19,1565
2016/9/26,1573
2016/10/3,1647
2016/10/10,1669
2016/10/17,1680.5
2016/10/24,1642.5
2016/10/31,1670
2016/11/7,1725
2016/11/14,1731
2016/11/21,1731
2016/11/28,1760.5
2016/12/5,1719
2016/12/12,1707
2016/12/19,1740
2016/12/26,1725
2017/1/2,1704
2017/1/9,1687
2017/1/16,1740.5
2017/1/23,1798
2017/1/30,1866
2017/2/6,1820.5
2017/2/13,1830.5
2017/2/20,1887
2017/2/27,1882.5
2017/3/6,1921
2017/3/13,1884
2017/3/20,1861
2017/3/27,1923
2017/4/3,1940
2017/4/10,1938.5
2017/4/17,1922
2017/4/24,1895
2017/5/1,1962
2017/5/8,1931.5
2017/5/15,1871.5
2017/5/22,1929
2017/5/29,1950
2017/6/5,1931
2017/6/12,1905
2017/6/19,1894
2017/6/26,1887.5
2017/7/3,1888.5
2017/7/10,1927.5
2017/7/17,1900
2017/7/24,1930
2017/7/31,1939.5
2017/8/7,1909.5
2017/8/14,2028
2017/8/21,2048.5
2017/8/28,2075.5
2017/9/4,2092
2017/9/11,2092.5
2017/9/18,2141
2017/9/25,2128.5
2017/10/2,2124
2017/10/9,2143.5
2017/10/16,2162.5
2017/10/23,2142
2017/10/30,2161
2017/11/6,2166
2017/11/13,2135
2017/11/20,2090
2017/11/27,2089
2017/12/4,2099
2017/12/11,2055.5
2017/12/18,2017
2017/12/25,2102
2018/1/1,2254
2018/1/8,2265
2018/1/15,2155.5
2018/1/22,2196
2018/1/29,2228
2018/2/5,2224
2018/2/12,2170
2018/2/19,2139.5
2018/2/26,2187
2018/3/5,2148
2018/3/12,2141
2018/3/19,2103
2018/3/26,2079
2018/4/2,2045
2018/4/9,1998
2018/4/16,2211
2018/4/23,2411
2018/4/30,2211.5
2018/5/7,2244
2018/5/14,2354.5
2018/5/21,2325
2018/5/28,2261
2018/6/4,2269
2018/6/11,2316.5
2018/6/18,2292.5
2018/6/25,2179
