1995/4/24,19740.00 
1995/5/1,19900.00 
1995/5/8,19800.00 
1995/5/15,20400.00 
1995/5/22,20160.00 
1995/5/29,20400.00 
1995/6/5,21100.00 
1995/6/12,21000.00 
1995/6/19,20990.00 
1995/6/26,20500.00 
1995/7/3,20620.00 
1995/7/10,20650.00 
1995/7/17,20490.00 
1995/7/24,20150.00 
1995/7/31,19800.00 
1995/8/7,19460.00 
1995/8/14,19300.00 
1995/8/21,18830.00 
1995/8/28,18550.00 
1995/9/4,17840.00 
1995/9/11,16950.00 
1995/9/18,17420.00 
1995/9/25,17060.00 
1995/10/2,17410.00 
1995/10/9,17300.00 
1995/10/16,16980.00 
1995/10/23,16710.00 
1995/10/30,16700.00 
1995/11/6,16750.00 
1995/11/13,16950.00 
1995/11/20,17020.00 
1995/11/27,16800.00 
1995/12/4,16820.00 
1995/12/11,16950.00 
1995/12/18,16890.00 
1995/12/25,16920.00 
1996/1/1,16990.00 
1996/1/8,16730.00 
1996/1/15,16560.00 
1996/1/22,16270.00 
1996/1/29,16100.00 
1996/2/5,16350.00 
1996/2/12,16400.00 
1996/2/19,16400.00 
1996/3/4,16460.00 
1996/3/11,16460.00 
1996/3/18,16360.00 
1996/3/25,16450.00 
1996/4/1,16550.00 
1996/4/8,16390.00 
1996/4/15,16400.00 
1996/4/22,16500.00 
1996/4/29,16500.00 
1996/5/6,16440.00 
1996/5/13,16400.00 
1996/5/20,16400.00 
1996/5/27,16310.00 
1996/6/3,16300.00 
1996/6/10,16300.00 
1996/6/17,16210.00 
1996/6/24,15500.00 
1996/7/1,15870.00 
1996/7/8,15800.00 
1996/7/15,15900.00 
1996/7/22,14410.00 
1996/7/29,14900.00 
1996/8/5,15070.00 
1996/8/12,14810.00 
1996/8/19,14700.00 
1996/8/26,14650.00 
1996/9/2,14380.00 
1996/9/9,14410.00 
1996/9/16,14160.00 
1996/9/23,13930.00 
1996/9/30,13880.00 
1996/10/7,13950.00 
1996/10/14,13900.00 
1996/10/21,13500.00 
1996/10/28,13380.00 
1996/11/4,13420.00 
1996/11/11,13500.00 
1996/11/18,13450.00 
1996/11/25,13400.00 
1996/12/2,13550.00 
1996/12/9,13850.00 
1996/12/16,13700.00 
1996/12/23,13880.00 
1996/12/30,13850.00 
1997/1/6,13950.00 
1997/1/13,14000.00 
1997/1/20,14750.00 
1997/1/27,15200.00 
1997/2/3,15420.00 
1997/2/17,15330.00 
1997/2/24,15220.00 
1997/3/3,15700.00 
1997/3/10,16150.00 
1997/3/17,15800.00 
1997/3/24,16350.00 
1997/3/31,16320.00 
1997/4/7,16150.00 
1997/4/14,15350.00 
1997/4/21,15450.00 
1997/4/28,15160.00 
1997/5/5,15520.00 
1997/5/12,15300.00 
1997/5/19,15310.00 
1997/5/26,15450.00 
1997/6/2,15400.00 
1997/6/9,14950.00 
1997/6/16,14500.00 
1997/6/23,14310.00 
1997/6/30,13900.00 
1997/7/7,13600.00 
1997/7/14,13550.00 
1997/7/21,13420.00 
1997/7/28,13750.00 
1997/8/4,13950.00 
1997/8/11,14290.00 
1997/8/18,14550.00 
1997/8/25,14500.00 
1997/9/1,14590.00 
1997/9/8,14500.00 
1997/9/15,14370.00 
1997/9/22,14500.00 
1997/9/29,14400.00 
1997/10/6,14400.00 
1997/10/13,14360.00 
1997/10/20,14320.00 
1997/10/27,14300.00 
1997/11/3,13700.00 
1997/11/10,13850.00 
1997/11/17,14230.00 
1997/11/24,14370.00 
1997/12/1,14300.00 
1997/12/8,14220.00 
1997/12/15,14250.00 
1997/12/22,14100.00 
1997/12/29,13880.00 
1998/1/5,13720.00 
1998/1/12,13810.00 
1998/1/19,13900.00 
1998/1/26,14120.00 
1998/2/9,13900.00 
1998/2/16,13860.00 
1998/2/23,13940.00 
1998/3/2,13690.00 
1998/3/9,13820.00 
1998/3/16,13690.00 
1998/3/23,13850.00 
1998/3/30,13790.00 
1998/4/6,13650.00 
1998/4/13,13630.00 
1998/4/20,13660.00 
1998/4/27,13660.00 
1998/5/4,13750.00 
1998/5/11,13740.00 
1998/5/18,13700.00 
1998/5/25,13650.00 
1998/6/1,13680.00 
1998/6/8,13650.00 
1998/6/15,13580.00 
1998/6/22,13500.00 
1998/6/29,13090.00 
1998/7/6,12850.00 
1998/7/13,12800.00 
1998/7/20,12620.00 
1998/7/27,12800.00 
1998/8/3,12800.00 
1998/8/10,12700.00 
1998/8/17,12800.00 
1998/8/24,12850.00 
1998/8/31,12900.00 
1998/9/7,12820.00 
1998/9/14,12900.00 
1998/9/21,12840.00 
1998/9/28,12840.00 
1998/10/5,12880.00 
1998/10/12,12890.00 
1998/10/19,13140.00 
1998/10/26,13650.00 
1998/11/2,13660.00 
1998/11/9,13700.00 
1998/11/16,13800.00 
1998/11/23,13900.00 
1998/11/30,13950.00 
1998/12/7,14350.00 
1998/12/14,14390.00 
1998/12/21,14380.00 
1998/12/28,14060.00 
1999/1/4,13930.00 
1999/1/11,14000.00 
1999/1/18,14500.00 
1999/1/25,13970.00 
1999/2/1,13860.00 
1999/2/8,14200.00 
1999/2/15,14150.00 
1999/3/1,13760.00 
1999/3/8,13690.00 
1999/3/15,13070.00 
1999/3/22,13020.00 
1999/3/29,13440.00 
1999/4/5,13330.00 
1999/4/12,13400.00 
1999/4/19,13880.00 
1999/4/26,13900.00 
1999/5/3,13720.00 
1999/5/10,13950.00 
1999/5/17,13920.00 
1999/5/24,14240.00 
1999/5/31,14170.00 
1999/6/7,13760.00 
1999/6/14,13870.00 
1999/6/21,13910.00 
1999/6/28,13870.00 
1999/7/5,14000.00 
1999/7/12,13930.00 
1999/7/19,14230.00 
1999/7/26,14140.00 
1999/8/2,14190.00 
1999/8/9,14160.00 
1999/8/16,14320.00 
1999/8/23,14300.00 
1999/8/30,14450.00 
1999/9/6,14870.00 
1999/9/13,15500.00 
1999/9/20,15700.00 
1999/9/27,15980.00 
1999/10/4,15800.00 
1999/10/11,16000.00 
1999/10/18,15800.00 
1999/10/25,15880.00 
1999/11/1,16050.00 
1999/11/8,16050.00 
1999/11/15,16050.00 
1999/11/22,16040.00 
1999/11/29,16090.00 
1999/12/6,16330.00 
1999/12/13,16260.00 
1999/12/20,16240.00 
1999/12/27,16270.00 
2000/1/3,16240.00 
2000/1/10,16270.00 
2000/1/17,16200.00 
2000/1/24,16340.00 
2000/1/31,16430.00 
2000/2/7,16660.00 
2000/2/14,16630.00 
2000/2/21,16400.00 
2000/2/28,16630.00 
2000/3/6,16550.00 
2000/3/13,16510.00 
2000/3/20,16400.00 
2000/3/27,16470.00 
2000/4/3,16310.00 
2000/4/10,16070.00 
2000/4/17,16040.00 
2000/4/24,15970.00 
2000/5/1,16070.00 
2000/5/8,16290.00 
2000/5/15,16280.00 
2000/5/22,16330.00 
2000/5/29,16620.00 
2000/6/5,16700.00 
2000/6/12,16670.00 
2000/6/19,16680.00 
2000/6/26,16720.00 
2000/7/3,16550.00 
2000/7/10,16580.00 
2000/7/17,16730.00 
2000/7/24,16770.00 
2000/7/31,16730.00 
2000/8/7,16660.00 
2000/8/14,16570.00 
2000/8/21,16450.00 
2000/8/28,16330.00 
2000/9/4,16170.00 
2000/9/11,16260.00 
2000/9/18,16250.00 
2000/9/25,16180.00 
2000/10/2,16140.00 
2000/10/9,15810.00 
2000/10/16,15840.00 
2000/10/23,15900.00 
2000/10/30,15630.00 
2000/11/6,15450.00 
2000/11/13,15480.00 
2000/11/20,15480.00 
2000/11/27,15330.00 
2000/12/4,15360.00 
2000/12/11,15310.00 
2000/12/18,15470.00 
2000/12/25,15230.00 
2001/1/1,15030.00 
2001/1/8,14720.00 
2001/1/15,14760.00 
2001/1/22,14860.00 
2001/2/5,15150.00 
2001/2/12,14700.00 
2001/2/19,14570.00 
2001/2/26,14630.00 
2001/3/5,14650.00 
2001/3/12,15020.00 
2001/3/19,14880.00 
2001/3/26,14870.00 
2001/4/2,14880.00 
2001/4/9,14900.00 
2001/4/16,14960.00 
2001/4/23,14970.00 
2001/4/30,15010.00 
2001/5/14,15020.00 
2001/5/21,14790.00 
2001/5/28,14970.00 
2001/6/4,14930.00 
2001/6/11,14910.00 
2001/6/18,14840.00 
2001/6/25,14790.00 
2001/7/2,14600.00 
2001/7/9,14430.00 
2001/7/16,14090.00 
2001/7/23,13870.00 
2001/7/30,13710.00 
2001/8/6,13590.00 
2001/8/13,13600.00 
2001/8/20,13590.00 
2001/8/27,13790.00 
2001/9/3,13990.00 
2001/9/10,13840.00 
2001/9/17,13990.00 
2001/9/24,14010.00 
2001/10/1,13900.00 
2001/10/8,13940.00 
2001/10/15,13870.00 
2001/10/22,13650.00 
2001/10/29,13290.00 
2001/11/5,13410.00 
2001/11/12,13350.00 
2001/11/19,13610.00 
2001/11/26,13570.00 
2001/12/3,13590.00 
2001/12/10,13470.00 
2001/12/17,13490.00 
2001/12/24,13460.00 
2001/12/31,13460.00 
2002/1/7,13370.00 
2002/1/14,13680.00 
2002/1/21,13410.00 
2002/1/28,13370.00 
2002/2/4,13300.00 
2002/2/11,13240.00 
2002/2/25,13080.00 
2002/3/4,13180.00 
2002/3/11,13210.00 
2002/3/18,13130.00 
2002/3/25,13280.00 
2002/4/1,13420.00 
2002/4/8,13440.00 
2002/4/15,13320.00 
2002/4/22,13350.00 
2002/4/29,13350.00 
2002/5/6,13410.00 
2002/5/13,13360.00 
2002/5/20,13360.00 
2002/5/27,13300.00 
2002/6/3,13370.00 
2002/6/10,13390.00 
2002/6/17,13410.00 
2002/6/24,13400.00 
2002/7/1,13370.00 
2002/7/8,13390.00 
2002/7/15,13370.00 
2002/7/22,13340.00 
2002/7/29,13230.00 
2002/8/5,13260.00 
2002/8/12,13190.00 
2002/8/19,13380.00 
2002/8/26,13320.00 
2002/9/2,13470.00 
2002/9/9,13560.00 
2002/9/16,13530.00 
2002/9/23,13440.00 
2002/9/30,13560.00 
2002/10/14,13520.00 
2002/10/21,13840.00 
2002/10/28,13730.00 
2002/11/4,14260.00 
2002/11/11,14260.00 
2002/11/18,14470.00 
2002/11/25,14570.00 
2002/12/2,14590.00 
2002/12/9,15460.00 
2002/12/16,15210.00 
2002/12/23,14220.00 
2002/12/30,14110.00 
2003/1/6,13800.00 
2003/1/13,13650.00 
2003/1/20,13650.00 
2003/1/27,13810.00 
2003/2/3,13940.00 
2003/2/10,13980.00 
2003/2/17,14110.00 
2003/2/24,14130.00 
2003/3/3,14250.00 
2003/3/10,14210.00 
2003/3/17,14180.00 
2003/3/24,14230.00 
2003/3/31,14230.00 
2003/4/7,14200.00 
2003/4/14,14350.00 
2003/4/21,14700.00 
2003/4/28,14500.00 
2003/5/5,14600.00 
2003/5/12,14720.00 
2003/5/19,14730.00 
2003/5/26,14650.00 
2003/6/2,14800.00 
2003/6/9,14830.00 
2003/6/16,14800.00 
2003/6/23,14730.00 
2003/6/30,14700.00 
2003/7/7,14590.00 
2003/7/14,14650.00 
2003/7/21,14620.00 
2003/7/28,14570.00 
2003/8/4,14560.00 
2003/8/11,14580.00 
2003/8/18,14550.00 
2003/8/25,14540.00 
2003/9/1,14580.00 
2003/9/8,14630.00 
2003/9/15,14600.00 
2003/9/22,14610.00 
2003/9/29,14590.00 
2003/10/6,14570.00 
2003/10/13,14570.00 
2003/10/20,14550.00 
2003/10/27,15220.00 
2003/11/3,15480.00 
2003/11/10,15900.00 
2003/11/17,16260.00 
2003/11/24,15440.00 
2003/12/1,15480.00 
2003/12/8,15460.00 
2003/12/15,15550.00 
2003/12/22,15450.00 
2003/12/29,15640.00 
2004/1/5,15610.00 
2004/1/12,15870.00 
2004/1/19,16250.00 
2004/2/2,16540.00 
2004/2/9,16510.00 
2004/2/16,17010.00 
2004/2/23,17620.00 
2004/3/1,17530.00 
2004/3/8,17460.00 
2004/3/15,16890.00 
2004/3/22,17160.00 
2004/3/29,17170.00 
2004/4/5,17310.00 
2004/4/12,17550.00 
2004/4/19,17680.00 
2004/4/26,18250.00 
2004/5/3,17220.00 
2004/5/10,16510.00 
2004/5/17,16070.00 
2004/5/24,15110.00 
2004/5/31,15790.00 
2004/6/7,15850.00 
2004/6/14,15610.00 
2004/6/21,15490.00 
2004/6/28,15600.00 
2004/7/5,15360.00 
2004/7/12,15300.00 
2004/7/19,15220.00 
2004/7/26,15020.00 
2004/8/2,14790.00 
2004/8/9,14880.00 
2004/8/16,15290.00 
2004/8/23,15660.00 
2004/8/30,16100.00 
2004/9/6,15990.00 
2004/9/13,15790.00 
2004/9/20,16050.00 
2004/9/27,16370.00 
2004/10/4,16880.00 
2004/10/11,17330.00 
2004/10/18,16780.00 
2004/10/25,16160.00 
2004/11/1,16100.00 
2004/11/8,16130.00 
2004/11/15,15690.00 
2004/11/22,15530.00 
2004/11/29,15620.00 
2004/12/6,15860.00 
2004/12/13,15730.00 
2004/12/20,15720.00 
2004/12/27,15750.00 
2005/1/3,16390.00 
2005/1/10,15830.00 
2005/1/17,15870.00 
2005/1/24,15950.00 
2005/1/31,16160.00 
2005/2/7,16160.00 
2005/2/21,16300.00 
2005/2/28,16350.00 
2005/3/7,16310.00 
2005/3/14,16370.00 
2005/3/21,16520.00 
2005/3/28,16620.00 
2005/4/4,16550.00 
2005/4/11,16540.00 
2005/4/18,16820.00 
2005/4/25,16740.00 
2005/5/2,16780.00 
2005/5/9,16930.00 
2005/5/16,16950.00 
2005/5/23,16810.00 
2005/5/30,16800.00 
2005/6/6,16850.00 
2005/6/13,17120.00 
2005/6/20,17180.00 
2005/6/27,16770.00 
2005/7/4,16690.00 
2005/7/11,16530.00 
2005/7/18,16630.00 
2005/7/25,16520.00 
2005/8/1,16530.00 
2005/8/8,16460.00 
2005/8/15,16420.00 
2005/8/22,16560.00 
2005/8/29,16510.00 
2005/9/5,16440.00 
2005/9/12,16460.00 
2005/9/19,16470.00 
2005/9/26,16460.00 
2005/10/3,16590.00 
2005/10/10,16760.00 
2005/10/17,16990.00 
2005/10/24,17360.00 
2005/10/31,17160.00 
2005/11/7,17080.00 
2005/11/14,17180.00 
2005/11/21,17180.00 
2005/11/28,17260.00 
2005/12/5,17370.00 
2005/12/12,18350.00 
2005/12/19,19300.00 
2005/12/26,18990.00 
2006/1/2,19320.00 
2006/1/9,19240.00 
2006/1/16,19400.00 
2006/1/23,20240.00 
2006/1/30,20090.00 
2006/2/6,21400.00 
2006/2/13,22240.00 
2006/2/20,20710.00 
2006/2/27,19830.00 
2006/3/6,18800.00 
2006/3/13,19130.00 
2006/3/20,19060.00 
2006/3/27,19870.00 
2006/4/3,20050.00 
2006/4/10,19750.00 
2006/4/17,20230.00 
2006/4/24,20390.00 
2006/5/1,21200.00 
2006/5/8,21630.00 
2006/5/15,21600.00 
2006/5/22,22930.00 
2006/5/29,21200.00 
2006/6/5,21690.00 
2006/6/12,20670.00 
2006/6/19,20100.00 
2006/6/26,19700.00 
2006/7/3,19610.00 
2006/7/10,19540.00 
2006/7/17,19400.00 
2006/7/24,19380.00 
2006/7/31,18820.00 
2006/8/7,18690.00 
2006/8/14,19040.00 
2006/8/21,18810.00 
2006/8/28,19240.00 
2006/9/4,19600.00 
2006/9/11,20610.00 
2006/9/18,20300.00 
2006/9/25,20030.00 
2006/10/2,20300.00 
2006/10/9,21350.00 
2006/10/16,21350.00 
2006/10/23,21360.00 
2006/10/30,21050.00 
2006/11/6,20000.00 
2006/11/13,21280.00 
2006/11/20,20990.00 
2006/11/27,20320.00 
2006/12/4,20740.00 
2006/12/11,20870.00 
2006/12/18,21240.00 
2006/12/25,20910.00 
2007/1/1,20990.00 
2007/1/8,20700.00 
2007/1/15,20880.00 
2007/1/22,20030.00 
2007/1/29,20000.00 
2007/2/5,19640.00 
2007/2/12,20120.00 
2007/2/19,19730.00 
2007/2/26,20100.00 
2007/3/5,19740.00 
2007/3/12,19550.00 
2007/3/19,19390.00 
2007/3/26,19520.00 
2007/4/2,19270.00 
2007/4/9,19200.00 
2007/4/16,19600.00 
2007/4/23,19700.00 
2007/4/30,20120.00 
2007/5/14,20800.00 
2007/5/21,20650.00 
2007/5/28,20360.00 
2007/6/4,20250.00 
2007/6/11,20380.00 
2007/6/18,20580.00 
2007/6/25,19960.00 
2007/7/2,19910.00 
2007/7/9,19840.00 
2007/7/16,20190.00 
2007/7/23,19660.00 
2007/7/30,19800.00 
2007/8/6,19820.00 
2007/8/13,19670.00 
2007/8/20,19620.00 
2007/8/27,19350.00 
2007/9/3,19460.00 
2007/9/10,19350.00 
2007/9/17,19420.00 
2007/9/24,19340.00 
2007/10/1,19380.00 
2007/10/8,19200.00 
2007/10/15,19180.00 
2007/10/22,19030.00 
2007/10/29,18530.00 
2007/11/5,17900.00 
2007/11/12,18440.00 
2007/11/19,17890.00 
2007/11/26,17650.00 
2007/12/3,17800.00 
2007/12/10,17680.00 
2007/12/17,17690.00 
2007/12/24,17770.00 
2007/12/31,17960.00 
2008/1/7,17730.00 
2008/1/14,17920.00 
2008/1/21,17870.00 
2008/1/28,17990.00 
2008/2/4,19000.00 
2008/2/11,19410.00 
2008/2/18,19090.00 
2008/2/25,19310.00 
2008/3/3,19350.00 
2008/3/10,20100.00 
2008/3/17,19900.00 
2008/3/24,18940.00 
2008/3/31,19440.00 
2008/4/7,18950.00 
2008/4/14,18990.00 
2008/4/21,18720.00 
2008/4/28,18740.00 
2008/5/5,18640.00 
2008/5/12,18500.00 
2008/5/19,18490.00 
2008/5/26,18915.00 
2008/6/2,18735.00 
2008/6/9,18520.00 
2008/6/16,18600.00 
2008/6/23,18645.00 
2008/6/30,18780.00 
2008/7/7,18785.00 
2008/7/14,19390.00 
2008/7/21,19120.00 
2008/7/28,18910.00 
2008/8/4,18770.00 
2008/8/11,18445.00 
2008/8/18,18020.00 
2008/8/25,17695.00 
2008/9/1,17700.00 
2008/9/8,16930.00 
2008/9/15,16665.00 
2008/9/22,15825.00 
2008/9/29,15480.00 
2008/10/6,14635.00 
2008/10/13,14140.00 
2008/10/20,14040.00 
2008/10/27,13950.00 
2008/11/3,14025.00 
2008/11/10,13740.00 
2008/11/17,13580.00 
2008/11/24,13630.00 
2008/12/1,13180.00 
2008/12/8,11975.00 
2008/12/15,10130.00 
2008/12/22,10390.00 
2008/12/29,10930.00 
2009/1/5,11360.00 
2009/1/12,12280.00 
2009/1/19,12120.00 
2009/1/26,11820.00 
2009/2/2,11720.00 
2009/2/9,11920.00 
2009/2/16,12150.00 
2009/2/23,12180.00 
2009/3/2,11860.00 
2009/3/9,11970.00 
2009/3/16,12000.00 
2009/3/23,12250.00 
2009/3/30,13020.00 
2009/4/6,13550.00 
2009/4/13,14200.00 
2009/4/20,14100.00 
2009/4/27,12915.00 
2009/5/4,12680.00 
2009/5/11,12795.00 
2009/5/18,12980.00 
2009/5/25,12850.00 
2009/6/1,12790.00 
2009/6/8,13000.00 
2009/6/15,13520.00 
2009/6/22,13410.00 
2009/6/29,13435.00 
2009/7/6,13480.00 
2009/7/13,13650.00 
2009/7/20,13510.00 
2009/7/27,13870.00 
2009/8/3,14760.00 
2009/8/10,15010.00 
2009/8/17,15155.00 
2009/8/24,15130.00 
2009/8/31,14955.00 
2009/9/7,15010.00 
2009/9/14,15135.00 
2009/9/21,14980.00 
2009/9/28,15005.00 
2009/10/5,14710.00 
2009/10/12,14860.00 
2009/10/19,14940.00 
2009/10/26,14910.00 
2009/11/2,14980.00 
2009/11/9,14995.00 
2009/11/16,14920.00 
2009/11/23,15105.00 
2009/11/30,15250.00 
2009/12/7,15370.00 
2009/12/14,15800.00 
2009/12/21,16145.00 
2009/12/28,16005.00 
2010/1/4,16625.00 
2010/1/11,16945.00 
2010/1/18,17600.00 
2010/1/25,17300.00 
2010/2/1,16750.00 
2010/2/8,15935.00 
2010/2/15,16020.00 
2010/2/22,16630.00 
2010/3/1,16660.00 
2010/3/8,16320.00 
2010/3/15,16430.00 
2010/3/22,16365.00 
2010/3/29,16265.00 
2010/4/5,16290.00 
2010/4/12,16430.00 
2010/4/19,16400.00 
2010/4/26,16300.00 
2010/5/3,16115.00 
2010/5/10,15805.00 
2010/5/17,15325.00 
2010/5/24,14900.00 
2010/5/31,14935.00 
2010/6/7,14860.00 
2010/6/14,13885.00 
2010/6/21,14435.00 
2010/6/28,14570.00 
2010/7/5,14610.00 
2010/7/12,14640.00 
2010/7/19,14570.00 
2010/7/26,14850.00 
2010/8/2,15080.00 
2010/8/9,15405.00 
2010/8/16,15220.00 
2010/8/23,15335.00 
2010/8/30,15105.00 
2010/9/6,15250.00 
2010/9/13,15475.00 
2010/9/20,15245.00 
2010/9/27,15440.00 
2010/10/4,15630.00 
2010/10/11,15660.00 
2010/10/18,16030.00 
2010/10/25,16205.00 
2010/11/1,16370.00 
2010/11/8,16195.00 
2010/11/15,16580.00 
2010/11/22,16300.00 
2010/11/29,15885.00 
2010/12/6,15880.00 
2010/12/13,16010.00 
2010/12/20,15950.00 
2010/12/27,16310.00 
2011/1/3,16385.00 
2011/1/10,16565.00 
2011/1/17,16600.00 
2011/1/24,16560.00 
2011/1/31,16600.00 
2011/2/7,16810.00 
2011/2/14,16705.00 
2011/2/21,16765.00 
2011/2/28,16890.00 
2011/3/7,16740.00 
2011/3/14,16440.00 
2011/3/21,16370.00 
2011/3/28,16545.00 
2011/4/4,16615.00 
2011/4/11,16590.00 
2011/4/18,16580.00 
2011/4/25,16550.00 
2011/5/2,16650.00 
2011/5/9,16620.00 
2011/5/16,16550.00 
2011/5/23,16580.00 
2011/5/30,16615.00 
2011/6/6,16805.00 
2011/6/13,17155.00 
2011/6/20,17110.00 
2011/6/27,17040.00 
2011/7/4,17110.00 
2011/7/11,17420.00 
2011/7/18,17400.00 
2011/7/25,17730.00 
2011/8/1,18070.00 
2011/8/8,18420.00 
2011/8/15,17620.00 
2011/8/22,17500.00 
2011/8/29,17550.00 
2011/9/5,17655.00 
2011/9/12,17690.00 
2011/9/19,17780.00 
2011/9/26,17380.00 
2011/10/3,16930.00 
2011/10/10,16940.00 
2011/10/17,16950.00 
2011/10/24,16545.00 
2011/10/31,16365.00 
2011/11/7,16325.00 
2011/11/14,16210.00 
2011/11/21,16160.00 
2011/11/28,15930.00 
2011/12/5,15950.00 
2011/12/12,16175.00 
2011/12/19,16100.00 
2011/12/26,15950.00 
2012/1/2,16020.00 
2012/1/9,16030.00 
2012/1/16,15975.00 
2012/1/23,16195.00 
2012/1/30,16085.00 
2012/2/6,16120.00 
2012/2/13,15930.00 
2012/2/20,15910.00 
2012/2/27,16010.00 
2012/3/5,16060.00 
2012/3/12,15960.00 
2012/3/19,15970.00 
2012/3/26,16050.00 
2012/4/2,16035.00 
2012/4/9,15970.00 
2012/4/16,15990.00 
2012/4/23,15940.00 
2012/4/30,16040.00 
2012/5/7,16150.00 
2012/5/14,16130.00 
2012/5/21,15975.00 
2012/5/28,16025.00 
2012/6/4,16010.00 
2012/6/11,15940.00 
2012/6/18,15860.00 
2012/6/25,15700.00 
2012/7/2,15260.00 
2012/7/9,15630.00 
2012/7/16,15610.00 
2012/7/23,15595.00 
2012/7/30,15460.00 
2012/8/6,15540.00 
2012/8/13,15415.00 
2012/8/20,15415.00 
2012/8/27,15290.00 
2012/9/3,15425.00 
2012/9/10,15475.00 
2012/9/17,15530.00 
2012/9/24,15635.00 
2012/10/1,15505.00 
2012/10/8,15470.00 
2012/10/15,15430.00 
2012/10/22,15380.00 
2012/10/29,15330.00 
2012/11/5,15190.00 
2012/11/12,15170.00 
2012/11/19,15075.00 
2012/11/26,15230.00 
2012/12/3,15220.00 
2012/12/10,15185.00 
2012/12/17,15080.00 
2012/12/24,15120.00 
2012/12/31,15115.00 
2013/1/7,15120.00 
2013/1/14,15050.00 
2013/1/21,14915.00 
2013/1/28,15065.00 
2013/2/4,14980.00 
2013/2/11,14945.00 
2013/2/18,14775.00 
2013/2/25,14855.00 
2013/3/4,14625.00 
2013/3/11,14500.00 
2013/3/18,14600.00 
2013/3/25,14540.00 
2013/4/1,14615.00 
2013/4/8,14550.00 
2013/4/15,14585.00 
2013/4/22,14590.00 
2013/4/29,14550.00 
2013/5/6,14460.00 
2013/5/13,14515.00 
2013/5/20,14535.00 
2013/5/27,14615.00 
2013/6/3,14665.00 
2013/6/10,14840.00 
2013/6/17,14810.00 
2013/6/24,14660.00 
2013/7/1,14410.00 
2013/7/8,14470.00 
2013/7/15,14340.00 
2013/7/22,14365.00 
2013/7/29,14400.00 
2013/8/5,14250.00 
2013/8/12,14255.00 
2013/8/19,14345.00 
2013/8/26,14370.00 
2013/9/2,14420.00 
2013/9/9,14310.00 
2013/9/16,14320.00 
2013/9/23,14310.00 
2013/9/30,14390.00 
2013/10/14,14515.00 
2013/10/21,14415.00 
2013/10/28,14470.00 
2013/11/4,14505.00 
2013/11/11,14415.00 
2013/11/18,14375.00 
2013/11/25,14270.00 
2013/12/2,14270.00 
2013/12/9,14180.00 
2013/12/16,14325.00 
2013/12/23,14110.00 
2013/12/30,14025.00 
2014/1/6,14125.00 
2014/1/13,13975.00 
2014/1/20,13685.00 
2014/1/27,13735.00 
2014/2/3,13495.00 
2014/2/10,13295.00 
2014/2/17,13125.00 
2014/2/24,13330.00 
2014/3/3,13200.00 
2014/3/10,13095.00 
2014/3/17,12985.00 
2014/3/24,12830.00 
2014/3/31,12705.00 
2014/4/7,12830.00 
2014/4/14,12930.00 
2014/4/21,13070.00 
2014/4/28,13160.00 
2014/5/5,13345.00 
2014/5/12,13120.00 
2014/5/19,13090.00 
2014/5/26,13095.00 
2014/6/2,13290.00 
2014/6/9,13365.00 
2014/6/16,13450.00 
2014/6/23,13385.00 
2014/6/30,13415.00 
2014/7/7,13455.00 
2014/7/14,13510.00 
2014/7/21,13540.00 
2014/7/28,14055.00 
2014/8/4,14025.00 
2014/8/11,14025.00 
2014/8/18,14090.00 
2014/8/25,14110.00 
2014/9/1,14310.00 
2014/9/8,14930.00 
2014/9/15,14875.00 
2014/9/22,14305.00 
2014/9/29,14100.00 
2014/10/6,13975.00 
2014/10/13,13920.00 
2014/10/20,13710.00 
2014/10/27,13700.00 
2014/11/3,13700.00 
2014/11/10,13980.00 
2014/11/17,13650.00 
2014/11/24,13670.00 
2014/12/1,13750.00 
2014/12/8,13480.00 
2014/12/15,13240.00 
2014/12/22,13270.00 
2014/12/29,13060.00 
2015/1/5,12935.00 
2015/1/12,12750.00 
2015/1/19,12685.00 
2015/1/26,12735.00 
2015/2/2,12770.00 
2015/2/9,13080.00 
2015/2/16,13055.00 
2015/2/23,13000.00 
2015/3/2,12935.00 
2015/3/9,12950.00 
2015/3/16,12885.00 
2015/3/23,13070.00 
2015/3/30,13310.00 
2015/4/6,13300.00 
2015/4/13,13400.00 
2015/4/20,13020.00 
2015/4/27,13095.00 
2015/5/4,13280.00 
2015/5/11,13275.00 
2015/5/18,13215.00 
2015/5/25,13170.00 
2015/6/1,13155.00 
2015/6/8,13035.00 
2015/6/15,12825.00 
2015/6/22,12645.00 
2015/6/29,12725.00 
2015/7/6,12750.00 
2015/7/13,12335.00 
2015/7/20,12280.00 
2015/7/27,12370.00 
2015/8/3,12245.00 
2015/8/10,12045.00 
2015/8/17,11955.00 
2015/8/24,11975.00 
2015/8/31,11850.00 
2015/9/7,11750.00 
2015/9/14,11810.00 
2015/9/21,11790.00 
2015/9/28,11840.00 
2015/10/5,11660.00 
2015/10/12,11495.00 
2015/10/19,11455.00 
2015/10/26,11025.00 
2015/11/2,10510.00 
2015/11/9,10370.00 
2015/11/16,10320.00 
2015/11/23,10150.00 
2015/11/30,9870.00 
2015/12/7,10240.00 
2015/12/14,10340.00 
2015/12/21,10800.00 
2015/12/28,10890.00 
2016/1/4,10870.00 
2016/1/11,11090.00 
2016/1/18,10850.00 
2016/1/25,10780.00 
2016/2/1,10710.00 
2016/2/8,10570.00 
2016/2/15,10780.00 
2016/2/22,10985.00 
2016/2/29,11150.00 
2016/3/7,11130.00 
2016/3/14,11380.00 
2016/3/21,11220.00 
2016/3/28,11475.00 
2016/4/4,11720.00 
2016/4/11,11850.00 
2016/4/18,11765.00 
2016/4/25,12020.00 
2016/5/2,12775.00 
2016/5/9,12810.00 
2016/5/16,11970.00 
2016/5/23,12495.00 
2016/5/30,12365.00 
2016/6/6,12500.00 
2016/6/13,12140.00 
2016/6/20,12185.00 
2016/6/27,12410.00 
2016/7/4,12555.00 
2016/7/11,12790.00 
2016/7/18,12955.00 
2016/7/25,12400.00 
2016/8/1,12290.00 
2016/8/8,12475.00 
2016/8/15,12540.00 
2016/8/22,12510.00 
2016/8/29,12535.00 
2016/9/5,12485.00 
2016/9/12,12350.00 
2016/9/19,12600.00 
2016/9/26,12290.00 
2016/10/3,12715.00 
2016/10/10,13265.00 
2016/10/17,13300.00 
2016/10/24,13010.00 
2016/10/31,13585.00 
2016/11/7,14540.00 
2016/11/14,14090.00 
2016/11/21,14985.00 
2016/11/28,14600.00 
2016/12/5,13990.00 
2016/12/12,13730.00 
2016/12/19,13385.00 
2016/12/26,12655.00 
2017/1/2,12760.00 
2017/1/9,12610.00 
2017/1/16,12760.00 
2017/1/23,13250.00 
2017/1/30,13665.00 
2017/2/6,13690.00 
2017/2/13,13530.00 
2017/2/20,14240.00 
2017/2/27,14135.00 
2017/3/6,13695.00 
2017/3/13,13630.00 
2017/3/20,13520.00 
2017/3/27,13780.00 
2017/4/3,13555.00 
2017/4/10,14065.00 
2017/4/17,13800.00 
2017/4/24,14395.00 
2017/5/1,14290.00 
2017/5/8,13785.00 
2017/5/15,13730.00 
2017/5/22,13915.00 
2017/5/29,13850.00 
2017/6/5,13680.00 
2017/6/12,13620.00 
2017/6/19,13580.00 
2017/6/26,13920.00 
2017/7/3,13855.00 
2017/7/10,13970.00 
2017/7/17,13980.00 
2017/7/24,14245.00 
2017/7/31,14470.00 
2017/8/7,14310.00 
2017/8/14,15240.00 
2017/8/21,15600.00 
2017/8/28,16280.00 
2017/9/4,16145.00 
2017/9/11,16360.00 
2017/9/18,16400.00 
2017/9/25,16380.00 
2017/10/2,16420.00 
2017/10/9,16465.00 
2017/10/16,16280.00 
2017/10/23,16265.00 
2017/10/30,16175.00 
2017/11/6,16185.00 
2017/11/13,15855.00 
2017/11/20,15305.00 
2017/11/27,14810.00 
2017/12/4,14645.00 
2017/12/11,14420.00 
2017/12/18,14025.00 
2017/12/25,14370.00 
2018/1/1,14500.00 
2018/1/8,14985.00 
2018/1/15,14880.00 
2018/1/22,14655.00 
2018/1/29,14570.00 
2018/2/5,14405.00 
2018/2/12,14060.00 
2018/2/19,14305.00 
2018/2/26,14050.00 
2018/3/5,14200.00 
2018/3/12,14255.00 
2018/3/19,13670.00 
2018/3/26,13915.00 
2018/4/2,13730.00 
2018/4/9,14065.00 
2018/4/16,14265.00 
2018/4/23,14845.00 
2018/4/30,14315.00 
2018/5/7,14350.00 
2018/5/14,14615.00 
2018/5/21,14595.00 
2018/5/28,14540.00 
2018/6/4,14675.00 
2018/6/11,14585.00 
2018/6/18,14710.00 
2018/6/25,14030.00 
